floor,room,x,y,timestamp
"Level 1","143C",317.1397069425052,259.87411908592617,19/06/02 21:10:46
"Level 1","143C",317.3093438609624,259.75977926300516,19/06/02 21:10:46
"Level 1","143C",317.4752883848764,259.6479282128234,19/06/02 21:10:46
"Level 1","143C",317.6867537255494,259.5053949139025,19/06/02 21:10:47
"Level 1","143C",317.8923048102306,259.3668479817994,19/06/02 21:10:47
"Level 1","143C",318.06659927683404,259.249368846781,19/06/02 21:10:47
"Level 1","143C",318.2788380692852,259.1063142206623,19/06/02 21:10:47
"Level 1","143C",318.50166684300973,258.9561216637526,19/06/02 21:10:47
"Level 1","143C",318.64121267423513,258.86206403893374,19/06/02 21:10:47
"Level 1","143C",318.7720239549319,258.7738937349282,19/06/02 21:10:47
"Level 1","143C",318.9673330990928,258.6422501448341,19/06/02 21:10:47
"Level 1","143C",319.1689232497429,258.5063729882719,19/06/02 21:10:47
"Level 1","143C",319.3772915353913,258.36592718732203,19/06/02 21:10:47
"Level 1","143C",319.54938320217633,258.24993279833325,19/06/02 21:10:48
"Level 1","143C",319.7547725996899,258.1114948477083,19/06/02 21:10:48
"Level 1","143C",319.9690421922375,257.96707140797554,19/06/02 21:10:48
"Level 1","143C",320.201167171601,257.810612959677,19/06/02 21:10:48
"Level 1","143C",320.4348978362842,257.65307223650103,19/06/02 21:10:48
"Level 1","143C",320.5689936767411,257.56268805131464,19/06/02 21:10:48
"Level 1","143C",320.8120936460433,257.398832166081,19/06/02 21:10:48
"Level 1","143C",321.052678788986,257.2366713411163,19/06/02 21:10:48
"Level 1","143C",321.28621976187344,257.07925847528725,19/06/02 21:10:48
"Level 1","143C",321.4330971549197,256.98025918159135,19/06/02 21:10:49
"Level 1","143C",321.6256404632718,256.8504798388526,19/06/02 21:10:49
"Level 1","143C",321.8678202180324,256.68724420284707,19/06/02 21:10:49
"Level 1","143C",322.04793623296507,256.5658411884565,19/06/02 21:10:49
"Level 1","143C",322.2428303805848,256.4344773171374,19/06/02 21:10:49
"Level 1","143C",322.4889135098009,256.2686107022854,19/06/02 21:10:49
"Level 1","143C",322.62540916299014,256.1766089790928,19/06/02 21:10:49
"Level 1","143C",322.77476386070333,256.07593991575294,19/06/02 21:10:49
"Level 1","143C",323.00977026501465,255.91753930992587,19/06/02 21:10:49
"Level 1","143C",323.25732800576225,255.75067876743765,19/06/02 21:10:49
"Level 1","143C",323.45169176956256,255.61967238900715,19/06/02 21:10:50
"Level 1","143C",323.6151459920503,255.509499868633,19/06/02 21:10:50
"Level 1","143C",323.81238931774783,255.37655258842,19/06/02 21:10:50
"Level 1","143C",323.9597026751604,255.27725944307386,19/06/02 21:10:50
"Level 1","143C",324.0977727249634,255.18419653442902,19/06/02 21:10:50
"Level 1","143C",324.27637077904774,255.0638166662744,19/06/02 21:10:50
"Level 1","143C",324.4661321489394,254.93591242450918,19/06/02 21:10:50
"Level 1","143B",324.7461342192363,254.92596798948475,19/06/02 21:10:50
"Level 1","143B",324.93833317124944,254.92597498671108,19/06/02 21:10:50
"Level 1","143B",325.1430945912723,254.92598244128865,19/06/02 21:10:50
"Level 1","143B",325.3247514664787,254.9259890547184,19/06/02 21:10:51
"Level 1","143B",325.49456725583855,254.92599523705965,19/06/02 21:10:51
"Level 1","143B",325.6598020720397,254.92600125262527,19/06/02 21:10:51
"Level 1","143B",325.9001734320942,254.92601000362413,19/06/02 21:10:51
"Level 1","143B",326.1444231075709,254.92601889581755,19/06/02 21:10:51
"Level 1","143B",326.3475966455753,254.92602629258644,19/06/02 21:10:51
"Level 1","143B",326.62595873151866,254.92603642668183,19/06/02 21:10:51
"Level 1","143B",326.62595873151866,254.92603642668183,19/06/02 21:10:51
"Level 1","143B",326.8517086373746,254.92604464536964,19/06/02 21:10:51
"Level 1","143B",327.0138639298913,254.92605054882162,19/06/02 21:10:51
"Level 1","143B",327.23438890990934,254.92605857728992,19/06/02 21:10:52
"Level 1","143B",327.40659706421803,254.92606484672802,19/06/02 21:10:52
"Level 1","143B",327.59573703570504,254.9260717325886,19/06/02 21:10:52
"Level 1","143B",327.8432531579083,254.92608074370082,19/06/02 21:10:52
"Level 1","143B",328.0723730667909,254.9260890850775,19/06/02 21:10:52
"Level 1","143B",328.248156190056,254.9260954846665,19/06/02 21:10:52
"Level 1","143B",328.43108832119526,254.92610214452344,19/06/02 21:10:52
"Level 1","143B",328.63676221550037,254.9261096323207,19/06/02 21:10:52
"Level 1","143B",328.80670909756765,254.92611581943456,19/06/02 21:10:52
"Level 1","143B",329.08108027586377,254.92612580823632,19/06/02 21:10:52
"Level 1","143B",329.2913780566693,254.92613346437156,19/06/02 21:10:53
"Level 1","143B",329.4971099296054,254.92614095427962,19/06/02 21:10:53
"Level 1","143B",329.734599768007,254.92614960037332,19/06/02 21:10:53
"Level 1","143B",330.01844237980515,254.92615993399363,19/06/02 21:10:53
"Level 1","143B",330.18532392618295,254.92616600951035,19/06/02 21:10:53
"Level 1","143B",330.48215549074496,254.9261768160086,19/06/02 21:10:53
"Level 1","143B",330.7124616313389,254.92618520057144,19/06/02 21:10:53
"Level 1","143B",330.88584027941687,254.92619151262272,19/06/02 21:10:53
"Level 1","143B",331.1621215176745,254.92620157096243,19/06/02 21:10:53
"Level 1","121A",331.3441925319254,254.96733624203202,19/06/02 21:10:53
"Level 1","121A",331.32559817077924,255.1753191580864,19/06/02 21:10:54
"Level 1","121A",331.31221863051263,255.32497290409307,19/06/02 21:10:54
"Level 1","121A",331.2983859768381,255.47969484508272,19/06/02 21:10:54
"Level 1","121A",331.2734111836661,255.75904460445082,19/06/02 21:10:54
"Level 1","121A",331.2590363644555,255.91983081236015,19/06/02 21:10:54
"Level 1","121A",331.23988163871206,256.1340815567142,19/06/02 21:10:54
"Level 1","121A",331.218825507906,256.36960002661215,19/06/02 21:10:54
"Level 1","121A",331.2019860870529,256.55795346484945,19/06/02 21:10:54
"Level 1","121A",331.1786555896716,256.8189113348311,19/06/02 21:10:54
"Level 1","121A",331.1556173901558,257.0765997747991,19/06/02 21:10:54
"Level 1","121A",331.14126506585666,257.2371343710905,19/06/02 21:10:55
"Level 1","121A",331.114749567459,257.53371733159383,19/06/02 21:10:55
"Level 1","121A",331.093392080747,257.77260654811744,19/06/02 21:10:55
"Level 1","121A",331.093392080747,257.77260654811744,19/06/02 21:10:55
"Level 1","121A",331.0792757929199,257.9305010131693,19/06/02 21:10:55
"Level 1","121A",331.06546412292505,258.0849882460742,19/06/02 21:10:55
"Level 1","121A",331.0497052658463,258.26125528871006,19/06/02 21:10:55
"Level 1","121A",331.0275256407978,258.50934034300815,19/06/02 21:10:55
"Level 1","121A",331.00198051657725,258.7950694081057,19/06/02 21:10:55
"Level 1","121A",330.98441899750355,258.99149970859264,19/06/02 21:10:55
"Level 1","121A",330.9692958742413,259.16065589799916,19/06/02 21:10:56
"Level 1","121A",330.94604113781867,259.42076636134107,19/06/02 21:10:56
"Level 1","121A",330.9282709986696,259.61953013331856,19/06/02 21:10:56
"Level 1","121A",330.9030887369705,259.9012004838005,19/06/02 21:10:56
"Level 1","121A",330.8822655088074,260.13411387517783,19/06/02 21:10:56
"Level 1","121A",330.86670128843474,260.3082038540582,19/06/02 21:10:56
"Level 1","121A",330.8456330716068,260.5438575093518,19/06/02 21:10:56
"Level 1","121A",330.8456330716068,260.5438575093518,19/06/02 21:10:56
"Level 1","121A",330.9812205425957,260.6267697206005,19/06/02 21:10:56
"Level 1","121A",331.1442405957681,260.6715743083379,19/06/02 21:10:56
"Level 1","121A",331.3832415020985,260.7372615466168,19/06/02 21:10:57
"Level 1","121A",331.58869916674104,260.7937297281849,19/06/02 21:10:57
"Level 1","121A",331.8630889314472,260.869143274235,19/06/02 21:10:57
"Level 1","121A",332.0116129210926,260.909963749972,19/06/02 21:10:57
"Level 1","121A",332.21023673194577,260.96455370861156,19/06/02 21:10:57
"Level 1","121D",332.45627487907433,261.0199423942665,19/06/02 21:10:57
"Level 1","121D",332.6543118938126,261.0508856172254,19/06/02 21:10:57
"Level 1","121D",332.80635872660935,261.0746428883277,19/06/02 21:10:57
"Level 1","121D",332.9737644233562,261.1007999772228,19/06/02 21:10:57
"Level 1","121D",333.12346461456315,261.1241905862947,19/06/02 21:10:57
"Level 1","121D",333.3499596307381,261.15958036327066,19/06/02 21:10:58
"Level 1","121D",333.554858933954,261.19159581670453,19/06/02 21:10:58
"Level 1","121D",333.80926043036817,261.2313459726793,19/06/02 21:10:58
"Level 1","121D",334.06426433098295,261.2711902541261,19/06/02 21:10:58
"Level 1","121D",334.27055310189525,261.3034228114624,19/06/02 21:10:58
"Level 1","121D",334.4256492461129,261.32765653654116,19/06/02 21:10:58
"Level 1","121D",334.65377345302466,261.3633008740713,19/06/02 21:10:58
"Level 1","121D",334.9384468188693,261.40778100038216,19/06/02 21:10:58
"Level 1","121D",335.1342949745695,261.4383822147861,19/06/02 21:10:58
"Level 1","121D",335.3814220102258,261.4769957384932,19/06/02 21:10:58
"Level 1","121D",335.62807491104724,261.51553517877744,19/06/02 21:10:59
"Level 1","121D",335.90876972901515,261.55939365819995,19/06/02 21:10:59
"Level 1","121D",336.15024214126146,261.59712364872945,19/06/02 21:10:59
"Level 1","121D",336.37519385915164,261.63227228582065,19/06/02 21:10:59
"Level 1","121D",336.62545219858487,261.6713750747848,19/06/02 21:10:59
"Level 1","121D",336.90955555287115,261.71576613696413,19/06/02 21:10:59
"Level 1","121D",337.1055161530492,261.7463849207833,19/06/02 21:10:59
"Level 1","121D",337.25710048487036,261.7700699262497,19/06/02 21:10:59
"Level 1","121D",337.4744211487751,261.80402621349054,19/06/02 21:10:59
"Level 1","121D",337.69472602404437,261.83844878284407,19/06/02 21:10:59
"Level 1","121D",337.93037879902295,261.8752694568311,19/06/02 21:11:00
"Level 1","121D",338.0855313056324,261.8995119885164,19/06/02 21:11:00
"Level 1","121D",338.25962438815304,261.9267139793925,19/06/02 21:11:00
"Level 1","121D",338.5398657537105,261.9705016070146,19/06/02 21:11:00
"Level 1","121D",338.77829059033246,262.00775541478527,19/06/02 21:11:00
"Level 1","121D",339.014838512533,262.04471595525183,19/06/02 21:11:00
"Level 1","121D",339.17100946925,262.0691176194548,19/06/02 21:11:00
"Level 1","121D",339.3812254909918,262.10196380853154,19/06/02 21:11:00
"Level 1","121D",339.5756713466573,262.1323459139841,19/06/02 21:11:00
"Level 1","121D",339.8546866662689,262.1759419723023,19/06/02 21:11:00
"Level 1","121D",340.1094956420558,262.2157557968044,19/06/02 21:11:01
"Level 1","121D",340.2903876366159,262.24402011560636,19/06/02 21:11:01
"Level 1","121D",340.44653309854857,262.2684177962571,19/06/02 21:11:01
"Level 1","121D",340.73073749080686,262.31282464558865,19/06/02 21:11:01
"Level 1","121D",340.9909181045673,262.3534777868805,19/06/02 21:11:01
"Level 1","121D",341.1496528809871,262.37828004712753,19/06/02 21:11:01
"Level 1","121D",341.4344399273344,262.4227779359822,19/06/02 21:11:01
"Level 1","121D",341.69374782850895,262.4632947161995,19/06/02 21:11:01
"Level 1","121D",341.87529556295425,262.49166149415794,19/06/02 21:11:01
"Level 1","121D",342.1210600847222,262.5300621254869,19/06/02 21:11:01
"Level 1","121D",342.29565264686255,262.5573421599007,19/06/02 21:11:02
"Level 1","121D",342.5151813487201,262.5916434523961,19/06/02 21:11:02
"Level 1","121D",342.69041030997874,262.61902292397747,19/06/02 21:11:02
"Level 1","121D",342.98354699224467,262.6648254408897,19/06/02 21:11:02
"Level 1","121D",343.1545720796313,262.6915480584648,19/06/02 21:11:02
"Level 1","121D",343.3681397675311,262.7249179443532,19/06/02 21:11:02
"Level 1","121D",343.5591059617752,262.75475635377336,19/06/02 21:11:02
"Level 1","121D",343.7346113201395,262.78217901231795,19/06/02 21:11:02
"Level 1","121E",343.95548401660636,262.8121114492024,19/06/02 21:11:02
"Level 1","121E",344.1276628530245,262.8230688634872,19/06/02 21:11:02
"Level 1","121E",344.3463942288301,262.8369888687076,19/06/02 21:11:03
"Level 1","121E",344.5094212183362,262.8473638619459,19/06/02 21:11:03
"Level 1","121E",344.80729868823727,262.866320703052,19/06/02 21:11:03
"Level 1","121E",344.9895586677483,262.87791967853923,19/06/02 21:11:03
"Level 1","121E",345.1773537459404,262.8898709062,19/06/02 21:11:03
"Level 1","121E",345.45812026413705,262.907738810997,19/06/02 21:11:03
"Level 1","121E",345.66501732830955,262.92090568384623,19/06/02 21:11:03
"Level 1","121E",345.82372579303063,262.93100584734265,19/06/02 21:11:03
"Level 1","121E",346.0423756931182,262.9449206674705,19/06/02 21:11:03
"Level 1","121E",346.33894820792665,262.9637944615897,19/06/02 21:11:03
"Level 1","121E",346.62599248407184,262.98206188119383,19/06/02 21:11:04
"Level 1","121E",346.8149966054561,262.9940900520342,19/06/02 21:11:04
"Level 1","121E",347.0534006865697,263.00926202286576,19/06/02 21:11:04
"Level 1","121E",347.27562629250167,263.0234043999403,19/06/02 21:11:04
"Level 1","121E",347.4655227958802,263.0354893617279,19/06/02 21:11:04
"Level 1","121E",347.6434470601484,263.04681241347726,19/06/02 21:11:04
"Level 1","121E",347.8138655363901,263.05765779891954,19/06/02 21:11:04
"Level 1","121E",348.0647994785643,263.0736271666985,19/06/02 21:11:04
"Level 1","121E",348.2769388091687,263.0871276559566,19/06/02 21:11:04
"Level 1","121E",348.53255576386306,263.1033950493777,19/06/02 21:11:04
"Level 1","121E",348.7693555469501,263.1184649231195,19/06/02 21:11:05
"Level 1","121E",348.99136590667297,263.1325936019839,19/06/02 21:11:05
"Level 1","121E",349.28919882367614,263.1515476077557,19/06/02 21:11:05
"Level 1","121E",349.4817410535163,263.1638009428552,19/06/02 21:11:05
"Level 1","121E",349.69770609946016,263.1775448995961,19/06/02 21:11:05
"Level 1","121E",349.92254218361995,263.19185340679456,19/06/02 21:11:05
"Level 1","121E",350.12084389676494,263.2044732738439,19/06/02 21:11:05
"Level 1","121E",350.4072872077443,263.22270244818844,19/06/02 21:11:05
"Level 1","121E",350.6421752671701,263.2376506603568,19/06/02 21:11:05
"Level 1","121E",350.8551684707636,263.25120548985944,19/06/02 21:11:05
"Level 1","121E",351.0295522408459,263.2623032255225,19/06/02 21:11:06
"Level 1","121E",351.2606511742389,263.27701029874146,19/06/02 21:11:06
"Level 1","121E",351.48030883091474,263.29098925222434,19/06/02 21:11:06
"Level 1","121E",351.677869629188,263.30356196765297,19/06/02 21:11:06
"Level 1","121E",351.9615923388782,263.321618003672,19/06/02 21:11:06
"Level 1","121E",352.208129933944,263.3373075891176,19/06/02 21:11:06
"Level 1","121E",352.3969486837437,263.3493239629608,19/06/02 21:11:06
"Level 1","121E",352.6366988098313,263.3645815957281,19/06/02 21:11:06
"Level 1","121E",352.8712196826456,263.37950644024045,19/06/02 21:11:06
"Level 1","121E",353.10268408387384,263.394236771733,19/06/02 21:11:06
"Level 1","121E",353.33311308755975,263.40890121080776,19/06/02 21:11:07
"Level 1","121E",353.6048303728201,263.4261932248838,19/06/02 21:11:07
"Level 1","121E",353.8360293433071,263.44090666443617,19/06/02 21:11:07
"Level 1","121E",354.0213388479793,263.45269971087464,19/06/02 21:11:07
"Level 1","121E",354.2470220484609,263.4670621283252,19/06/02 21:11:07
"Level 1","121E",354.50408880155464,263.48342178652183,19/06/02 21:11:07
"Level 1","121E",354.7353025566941,263.4981361669655,19/06/02 21:11:07
"Level 1","121E",355.01305273349686,263.5158121126172,19/06/02 21:11:07
"Level 1","121E",355.1746215149269,263.52609430589047,19/06/02 21:11:07
"Level 1","121E",355.32781567598687,263.53584354060285,19/06/02 21:11:08
"Level 1","121F",355.497120188705,263.5364234464175,19/06/02 21:11:08
"Level 1","121F",355.7109476901288,263.4929093277932,19/06/02 21:11:08
"Level 1","121F",355.92421124299483,263.4495099732862,19/06/02 21:11:08
"Level 1","121F",356.19946720213466,263.3934950997162,19/06/02 21:11:08
"Level 1","121F",356.3516072107871,263.3625344499404,19/06/02 21:11:08
"Level 1","121F",356.6416944430204,263.3035013968919,19/06/02 21:11:08
"Level 1","121F",356.9355360492543,263.2437043248349,19/06/02 21:11:08
"Level 1","121F",357.1345428882038,263.2032062264171,19/06/02 21:11:08
"Level 1","121F",357.3880686848001,263.15161346349396,19/06/02 21:11:08
"Level 1","121F",357.5680797354893,263.11498102771645,19/06/02 21:11:09
"Level 1","121F",357.73562896029654,263.080884586449,19/06/02 21:11:09
"Level 1","121F",357.95237596784415,263.0367763452963,19/06/02 21:11:09
"Level 1","121F",358.1890468365174,262.9886135777113,19/06/02 21:11:09
"Level 1","121F",358.46622077854585,262.9322083926314,19/06/02 21:11:09
"Level 1","121F",358.46622077854585,262.9322083926314,19/06/02 21:11:09
"Level 1","121F",358.75681950550114,262.87307124987575,19/06/02 21:11:09
"Level 1","121F",359.0398657987265,262.81547103522814,19/06/02 21:11:09
"Level 1","121F",359.2992951213993,262.7626768986169,19/06/02 21:11:09
"Level 1","121F",359.49109615395173,262.723645189285,19/06/02 21:11:09
"Level 1","121F",359.7072685475853,262.6796538826606,19/06/02 21:11:10
"Level 1","121F",359.7072685475853,262.6796538826606,19/06/02 21:11:10
"Level 1","121F",359.8735513117546,262.6458151674483,19/06/02 21:11:10
"Level 1","121F",360.0947468402808,262.60080164765617,19/06/02 21:11:10
"Level 1","121F",360.2571713436025,262.56774809253363,19/06/02 21:11:10
"Level 1","121F",360.532335656883,262.51175186899115,19/06/02 21:11:10
"Level 1","121F",360.7363692154855,262.47023082790315,19/06/02 21:11:10
"Level 1","121F",360.9132293918906,262.434239598315,19/06/02 21:11:10
"Level 1","121F",361.19337046675133,262.377230598622,19/06/02 21:11:10
"Level 1","121F",361.3620943327369,262.34289511665474,19/06/02 21:11:10
"Level 1","121F",361.62394494598584,262.2896082448965,19/06/02 21:11:11
"Level 1","121F",361.81464918217915,262.25079973476284,19/06/02 21:11:11
"Level 1","121F",362.08285101714426,262.1962203827889,19/06/02 21:11:11
"Level 1","121F",362.2599170391537,262.1601872634065,19/06/02 21:11:11
"Level 1","121F",362.42243529936997,262.12711462865855,19/06/02 21:11:11
"Level 1","121F",362.66952407859293,262.0768318054565,19/06/02 21:11:11
"Level 1","121F",362.9458355601986,262.0206021319684,19/06/02 21:11:11
"Level 1","121F",363.1600695242911,261.9770052977689,19/06/02 21:11:11
"Level 1","121F",363.4350631973265,261.92104379969356,19/06/02 21:11:11
"Level 1","121F",363.70801507114237,261.86549780988,19/06/02 21:11:11
"Level 1","121F",363.9127278588836,261.82383854495686,19/06/02 21:11:12
"Level 1","121F",364.15000842661783,261.7755517029797,19/06/02 21:11:12
"Level 1","121F",364.3901254521541,261.72668763889385,19/06/02 21:11:12
"Level 1","121F",364.6593057893808,261.67190916069336,19/06/02 21:11:12
"Level 1","121F",364.9396396017367,261.6148609387199,19/06/02 21:11:12
"Level 1","121F",365.1856919115304,261.5647890381232,19/06/02 21:11:12
"Level 1","121F",365.42255421634337,261.5165873130849,19/06/02 21:11:12
"Level 1","121F",365.6751082926581,261.46519229624835,19/06/02 21:11:12
"Level 1","121F",365.8264600354917,261.43439205938546,19/06/02 21:11:12
"Level 1","121F",366.0698396116775,261.3848640628539,19/06/02 21:11:12
"Level 1","121F",366.25543476516555,261.34709525635714,19/06/02 21:11:13
"Level 1","121F",366.45462205834707,261.3065604353157,19/06/02 21:11:13
"Level 1","121F",366.6662845159626,261.2634869053551,19/06/02 21:11:13
"Level 1","121F",366.8385644244972,261.22842776503575,19/06/02 21:11:13
"Level 1","S102A",367.0139391728269,261.19324810829266,19/06/02 21:11:13
"Level 1","S102A",367.2455088902781,261.203257878104,19/06/02 21:11:13
"Level 1","S102A",367.4332151269095,261.211371616988,19/06/02 21:11:13
"Level 1","S102A",367.62042808911616,261.2194640337255,19/06/02 21:11:13
"Level 1","S102A",367.62042808911616,261.2194640337255,19/06/02 21:11:13
"Level 1","S102A",367.8337421258804,261.22868468843393,19/06/02 21:11:13
"Level 1","S102A",368.00423308650034,261.23605428446535,19/06/02 21:11:14
"Level 1","S102A",368.2920969763747,261.2484974109085,19/06/02 21:11:14
"Level 1","S102A",368.56693194314704,261.2603773526547,19/06/02 21:11:14
"Level 1","S102A",368.7999879017728,261.27045136632404,19/06/02 21:11:14
"Level 1","S102A",369.0192930434758,261.2799309909099,19/06/02 21:11:14
"Level 1","S102A",369.18001660198996,261.28687838386656,19/06/02 21:11:14
"Level 1","S102A",369.4558779647345,261.2988026923267,19/06/02 21:11:14
"Level 1","S102A",369.6058088086776,261.30528356233,19/06/02 21:11:14
"Level 1","S102A",369.8707073517059,261.3167339949179,19/06/02 21:11:14
"Level 1","S102A",370.1301085972817,261.3279468028169,19/06/02 21:11:14
"Level 1","S102A",370.35162720912905,261.337522106263,19/06/02 21:11:15
"Level 1","S102A",370.6271065105967,261.34942989984603,19/06/02 21:11:15
"Level 1","S102A",370.8992353751305,261.3611928683507,19/06/02 21:11:15
"Level 1","S102A",371.18909122985195,261.3737220989262,19/06/02 21:11:15
"Level 1","S102A",371.461436256069,261.38549441117715,19/06/02 21:11:15
"Level 1","S102A",371.461436256069,261.38549441117715,19/06/02 21:11:15
"Level 1","S102A",371.62718292691983,261.3926589318255,19/06/02 21:11:15
"Level 1","S102A",371.7957758775995,261.39994648499396,19/06/02 21:11:15
"Level 1","S102A",372.0182115921475,261.4095614308727,19/06/02 21:11:15
"Level 1","S102A",372.3061954279378,261.4220097420655,19/06/02 21:11:15
"Level 1","S102A",372.4581511262276,261.42857813787367,19/06/02 21:11:16
"Level 1","S102A",372.6425143063829,261.43654737070494,19/06/02 21:11:16
"Level 1","S102A",372.89342896450546,261.44739333967595,19/06/02 21:11:16
"Level 1","S102A",373.15368887400246,261.4586432639487,19/06/02 21:11:16
"Level 1","S102A",373.3232960809846,261.465974659085,19/06/02 21:11:16
"Level 1","S102A",373.5163696142501,261.4743204032779,19/06/02 21:11:16
"Level 1","S102A",373.69331713999776,261.4819690890427,19/06/02 21:11:16
"Level 1","S102A",373.84831841233773,261.4886691320089,19/06/02 21:11:16
"Level 1","S102A",374.04534857987954,261.4971859046021,19/06/02 21:11:16
"Level 1","S102A",374.30134088052137,261.50825135837175,19/06/02 21:11:16
"Level 1","S102A",374.5443149828427,261.518754091031,19/06/02 21:11:17
"Level 1","S102A",374.84106057718395,261.53158113562296,19/06/02 21:11:17
"Level 1","S102A",375.1084915429619,261.54314103402993,19/06/02 21:11:17
"Level 1","S102A",375.35531046239464,261.553809961711,19/06/02 21:11:17
"Level 1","S102A",375.63318942889293,261.56582148256393,19/06/02 21:11:17
"Level 1","S102A",375.9237171235012,261.57837975390817,19/06/02 21:11:17
"Level 1","S102A",376.1817449692088,261.58953319559686,19/06/02 21:11:17
"Level 1","S102A",376.37741144325156,261.5979910215446,19/06/02 21:11:17
"Level 1","S102A",376.6232971743443,261.6086196114795,19/06/02 21:11:17
"Level 1","S102A",376.80811208384563,261.616608370641,19/06/02 21:11:17
"Level 1","S102A",377.0794865968161,261.6283387317496,19/06/02 21:11:18
"Level 1","S102A",377.2693362562933,261.6365451216483,19/06/02 21:11:18
"Level 1","S102A",377.4412925909959,261.6439780595424,19/06/02 21:11:18
"Level 1","S102A",377.6727913016026,261.65398476003116,19/06/02 21:11:18
"Level 1","S102A",377.89869027813285,261.6637494079332,19/06/02 21:11:18
"Level 1","S102A",378.12696604144156,261.67361679417604,19/06/02 21:11:18
"Level 1","S102A",378.2809729596977,261.68027385546225,19/06/02 21:11:18
"Level 1","S102A",378.5371320980689,261.69134652091435,19/06/02 21:11:18
"Level 1","S102A",378.75175090237207,261.7653025212257,19/06/02 21:11:18
"Level 1","S102A",379.0003324563305,261.8621793286451,19/06/02 21:11:18
"Level 1","S102A",379.2586222861919,261.9628396298919,19/06/02 21:11:19
"Level 1","S102A",379.4284328084996,262.0290179162749,19/06/02 21:11:19
"Level 1","S102A",379.64375123542453,262.112931470788,19/06/02 21:11:19
"Level 1","S102A",379.8742067396382,262.202744222961,19/06/02 21:11:19
"Level 1","S102A",380.1231586581883,262.2997653682793,19/06/02 21:11:19
"Level 1","S102A",380.39373748417574,262.4052149175299,19/06/02 21:11:19
"Level 1","S102A",380.6419004112157,262.50192857833315,19/06/02 21:11:19
"Level 1","S102A",380.91538052974863,262.60850881469526,19/06/02 21:11:19
"Level 1","S102A",381.1641715320141,262.7054672479754,19/06/02 21:11:19
"Level 1","S102A",381.38235026358853,262.79049551586235,19/06/02 21:11:19
"Level 1","S102A",381.6289494501838,262.8865997582293,19/06/02 21:11:20
"Level 1","S102A",381.7840179480381,262.94703280631444,19/06/02 21:11:20
"Level 1","S102A",381.7840179480381,262.94703280631444,19/06/02 21:11:20
"Level 1","S102A",382.03473262408835,263.0447409306791,19/06/02 21:11:20
"Level 1","S102B",382.1572955536245,263.21182349393376,19/06/02 21:11:20
"Level 1","S102B",382.10716905643164,263.36555838352496,19/06/02 21:11:20
"Level 1","S102B",382.0255945111077,263.61574250611733,19/06/02 21:11:20
"Level 1","S102B",381.9362504483317,263.88975526175943,19/06/02 21:11:20
"Level 1","S102B",381.8860861259266,264.0436061589543,19/06/02 21:11:20
"Level 1","S102B",381.8112142717589,264.27323353925317,19/06/02 21:11:20
"Level 1","S102B",381.74888440977156,264.4643953994963,19/06/02 21:11:21
"Level 1","S102B",381.65706477594887,264.7460005795615,19/06/02 21:11:21
"Level 1","S102B",381.5766134562886,264.9927398379989,19/06/02 21:11:21
"Level 1","S102B",381.50909076757966,265.199827779006,19/06/02 21:11:21
"Level 1","S102B",381.43122509437035,265.438637018513,19/06/02 21:11:21
"Level 1","S102B",381.37613678748846,265.60758947381163,19/06/02 21:11:21
"Level 1","S102B",381.3224311203159,265.77230145800286,19/06/02 21:11:21
"Level 1","S102B",381.2608463514861,265.9611781632736,19/06/02 21:11:21
"Level 1","S102B",381.2608463514861,265.9611781632736,19/06/02 21:11:21
"Level 1","S102B",381.1953384634293,266.1620868343705,19/06/02 21:11:21
"Level 1","S102B",381.14730412476473,266.30940520219457,19/06/02 21:11:22
"Level 1","S102B",381.07025826174055,266.5457001341925,19/06/02 21:11:22
"Level 1","S102B",381.02176753510787,266.6944182158965,19/06/02 21:11:22
"Level 1","S102B",380.95667602815803,266.89404987170036,19/06/02 21:11:22
"Level 1","S102B",380.901046124618,267.06466337070043,19/06/02 21:11:22
"Level 2","203C",380.814034037996,266.9463103076202,19/06/02 21:11:22
"Level 2","203C",380.7037403706018,266.7111352876469,19/06/02 21:11:22
"Level 2","203C",380.61907759721714,266.5306120546079,19/06/02 21:11:22
"Level 2","203C",380.5405389155281,266.3631469909168,19/06/02 21:11:22
"Level 2","203C",380.448903510733,266.16775627935465,19/06/02 21:11:22
"Level 2","203C",380.3228603430456,265.898999194939,19/06/02 21:11:23
"Level 2","203C",380.25433912418555,265.7528939887679,19/06/02 21:11:23
"Level 2","203C",380.17859820610255,265.5913944907115,19/06/02 21:11:23
"Level 2","203C",380.10555155962163,265.4356398861998,19/06/02 21:11:23
"Level 2","203C",380.01499343818904,265.2425462252507,19/06/02 21:11:23
"Level 2","203C",379.9389947031171,265.0804969937694,19/06/02 21:11:23
"Level 2","203C",379.8127050705587,264.81121438162097,19/06/02 21:11:23
"Level 2","203C",379.7093292362683,264.5907899958118,19/06/02 21:11:23
"Level 2","203C",379.6372679595432,264.4371364580021,19/06/02 21:11:23
"Level 2","203C",379.57149646665397,264.29689438863096,19/06/02 21:11:24
"Level 2","203C",379.4764763667196,264.0942866195009,19/06/02 21:11:24
"Level 2","203C",379.3506630960296,263.8260197357671,19/06/02 21:11:24
"Level 2","203C",379.2739535925532,263.66245495967047,19/06/02 21:11:24
"Level 2","203C",379.1534310455053,263.4054692860695,19/06/02 21:11:24
"Level 2","203C",379.0435194779143,263.17110900307046,19/06/02 21:11:24
"Level 2","203C",378.9515371336391,262.97497852556273,19/06/02 21:11:24
"Level 2","203C",378.87087685864213,262.80298966861733,19/06/02 21:11:24
"Level 2","203C",378.80256564076615,262.6573322396104,19/06/02 21:11:24
"Level 2","203C",378.73796024911326,262.519576603849,19/06/02 21:11:24
"Level 2","203C",378.66458975030554,262.3631314612562,19/06/02 21:11:25
"Level 2","203C",378.5492193923295,262.1797271735354,19/06/02 21:11:25
"Level 2","203C",378.4759472724835,262.3126072192887,19/06/02 21:11:25
"Level 2","203C",378.3745177418377,262.4965511354913,19/06/02 21:11:25
"Level 2","203C",378.279639282534,262.66861458936387,19/06/02 21:11:25
"Level 2","203C",378.191199360626,262.82900166284077,19/06/02 21:11:25
"Level 2","203C",378.05606397817473,263.0740716272521,19/06/02 21:11:25
"Level 2","203C",377.966529648604,263.2364434248041,19/06/02 21:11:25
"Level 2","203C",377.8569342330734,263.4351962909783,19/06/02 21:11:25
"Level 2","203C",377.75300402981276,263.62367521302184,19/06/02 21:11:25
"Level 2","203C",377.6264084549331,263.853258113278,19/06/02 21:11:26
"Level 2","219A",377.52185573353427,264.0825963449099,19/06/02 21:11:26
"Level 2","219A",377.4552692556913,264.2467568091309,19/06/02 21:11:26
"Level 2","219A",377.3556601884609,264.492330253573,19/06/02 21:11:26
"Level 2","219A",377.2639154633531,264.718515166057,19/06/02 21:11:26
"Level 2","219A",377.1511570148416,264.9965067320945,19/06/02 21:11:26
"Level 2","219A",377.0591587573729,265.2233166962617,19/06/02 21:11:26
"Level 2","219A",376.94985265204326,265.49279695072755,19/06/02 21:11:26
"Level 2","219A",376.90214892320853,265.64283328348216,19/06/02 21:11:26
"Level 2","219A",376.81559949523813,265.91504594047734,19/06/02 21:11:26
"Level 2","219A",376.7331551873899,266.17434729716757,19/06/02 21:11:27
"Level 2","219A",376.6652650551009,266.38787329875436,19/06/02 21:11:27
"Level 2","219A",376.6097581121736,266.5624520657116,19/06/02 21:11:27
"Level 2","219A",376.5345277578012,266.7990643129631,19/06/02 21:11:27
"Level 2","219A",376.4590418921781,267.03648018651313,19/06/02 21:11:27
"Level 2","219A",376.3709444513023,267.31356160712613,19/06/02 21:11:27
"Level 2","219A",376.2833980014205,267.58891006744153,19/06/02 21:11:27
"Level 2","219A",376.23052780724447,267.75519581155334,19/06/02 21:11:27
"Level 2","219A",376.15312591067743,267.9986379279841,19/06/02 21:11:27
"Level 2","219A",376.09217423551934,268.19034130294756,19/06/02 21:11:27
"Level 2","219A",376.0210063319787,268.41417645206263,19/06/02 21:11:28
"Level 2","219A",375.93773435868343,268.6760809572165,19/06/02 21:11:28
"Level 2","219A",375.86204165370725,268.914147375677,19/06/02 21:11:28
"Level 2","219A",375.7851363968559,269.15602747581556,19/06/02 21:11:28
"Level 2","219A",375.7123177998048,269.3850543364981,19/06/02 21:11:28
"Level 2","219A",375.6621196612296,269.54293601172355,19/06/02 21:11:28
"Level 2","219A",375.579891413992,269.8015578210815,19/06/02 21:11:28
"Level 2","219A",375.49930459084277,270.05501707277944,19/06/02 21:11:28
"Level 2","219A",375.41876534113203,270.3083266979298,19/06/02 21:11:28
"Level 2","219A",375.34415701616103,270.54298255702173,19/06/02 21:11:28
"Level 2","219A",375.34415701616103,270.54298255702173,19/06/02 21:11:29
"Level 2","219A",375.28558469840397,270.7272024486711,19/06/02 21:11:29
"Level 2","219A",375.2227323861311,270.924883650307,19/06/02 21:11:29
"Level 2","219A",375.1589264022121,271.1255643113128,19/06/02 21:11:29
"Level 2","219A",375.1589264022121,271.1255643113128,19/06/02 21:11:29
"Level 2","221A",375.09430913779465,271.415932594939,19/06/02 21:11:29
"Level 2","221A",375.0787278630278,271.63919584214807,19/06/02 21:11:29
"Level 2","221A",375.0669206563538,271.8083806708575,19/06/02 21:11:29
"Level 2","221A",375.05577339390254,271.96810919433153,19/06/02 21:11:29
"Level 2","221A",375.0419085394789,272.1667779468574,19/06/02 21:11:29
"Level 2","221A",375.0266687072805,272.385148681887,19/06/02 21:11:30
"Level 2","221A",375.00824809727555,272.64909661084783,19/06/02 21:11:30
"Level 2","221A",374.9892524079576,272.9212848203202,19/06/02 21:11:30
"Level 2","221A",374.97472358079244,273.1294676025102,19/06/02 21:11:30
"Level 2","221A",374.9575288913464,273.37584938178793,19/06/02 21:11:30
"Level 2","221A",374.9450401366967,273.55480007474443,19/06/02 21:11:30
"Level 2","221A",374.9248809141118,273.8436604897535,19/06/02 21:11:30
"Level 2","221A",374.91420927955187,273.99657376678135,19/06/02 21:11:30
"Level 2","221A",374.8998187425032,274.2027749973374,19/06/02 21:11:30
"Level 2","221A",374.88866296560695,274.36262552383585,19/06/02 21:11:30
"Level 2","221A",374.8745734575647,274.5645133259679,19/06/02 21:11:31
"Level 2","221A",374.8633727440574,274.72500774674575,19/06/02 21:11:31
"Level 2","221A",374.84389795642943,275.00406093010724,19/06/02 21:11:31
"Level 2","221A",374.8236261409717,275.29453468232805,19/06/02 21:11:31
"Level 2","221A",374.805756107495,275.55059342985993,19/06/02 21:11:31
"Level 2","221A",374.7896993128794,275.7806703753781,19/06/02 21:11:31
"Level 2","221A",374.7777127897691,275.9524246196486,19/06/02 21:11:31
"Level 2","221A",374.7644841633538,276.14197689529936,19/06/02 21:11:31
"Level 2","221A",374.7533910170432,276.30092999150764,19/06/02 21:11:31
"Level 2","221A",374.7406328427988,276.4837411833321,19/06/02 21:11:31
"Level 2","221A",374.7247179069998,276.7117854415053,19/06/02 21:11:32
"Level 2","221A",374.7075342091323,276.95800972304585,19/06/02 21:11:32
"Level 2","221A",374.69554346740824,277.1298244156053,19/06/02 21:11:32
"Level 2","221A",374.67703036336377,277.39509768667756,19/06/02 21:11:32
"Level 2","221A",374.65954944540704,277.645580818874,19/06/02 21:11:32
"Level 2","221A",374.6439546314595,277.8690380682742,19/06/02 21:11:32
"Level 2","221A",374.6261328349371,278.1244056310842,19/06/02 21:11:32
"Level 2","221A",374.61208962995295,278.3256299591896,19/06/02 21:11:32
"Level 2","221A",374.5942721099219,278.5809362443852,19/06/02 21:11:32
"Level 2","221A",374.5806302714964,278.77640941268214,19/06/02 21:11:32
"Level 2","221A",374.5626180437491,279.0345056542603,19/06/02 21:11:33
"Level 2","221A",374.55025062934203,279.2117176694147,19/06/02 21:11:33
"Level 2","221A",374.53312228055785,279.45714885692024,19/06/02 21:11:33
"Level 2","221A",374.51662085661474,279.69359687213284,19/06/02 21:11:33
"Level 2","221A",374.49672343357327,279.97870597557915,19/06/02 21:11:33
"Level 2","221A",374.4823150825987,280.18516246092105,19/06/02 21:11:33
"Level 2","221A",374.4641076766541,280.44605540037924,19/06/02 21:11:33
"Level 2","221A",374.450915157287,280.6350903000806,19/06/02 21:11:33
"Level 2","221A",374.43536089484,280.85796648921206,19/06/02 21:11:33
"Level 2","221A",374.41849964172513,281.09957047725317,19/06/02 21:11:33
"Level 2","221A",374.3989030268549,281.3803693166101,19/06/02 21:11:34
"Level 2","221A",374.3870749524843,281.5498531574209,19/06/02 21:11:34
"Level 2","221A",374.37309591140524,281.7501580843845,19/06/02 21:11:34
"Level 2","221A",374.35419472373275,282.0209921848677,19/06/02 21:11:34
"Level 2","221A",374.3366391496066,282.27254506129685,19/06/02 21:11:34
"Level 2","221A",374.2170705252703,282.4345711598221,19/06/02 21:11:34
"Level 2","221A",374.1062890700742,282.55172631078455,19/06/02 21:11:34
"Level 2","221A",373.99498293732324,282.6694363260791,19/06/02 21:11:34
"Level 2","221A",373.8898410290132,282.7806274646928,19/06/02 21:11:34
"Level 2","221A",373.71724422500967,282.9631544462429,19/06/02 21:11:34
"Level 2","221A",373.5755221145565,283.11303039087164,19/06/02 21:11:35
"Level 2","221A",373.3701618894313,283.3302058028902,19/06/02 21:11:35
"Level 2","221A",373.2368050835432,283.4712351538591,19/06/02 21:11:35
"Level 2","221A",373.06631818756716,283.6515308360185,19/06/02 21:11:35
"Level 2","221A",372.90179067036263,283.82552427274896,19/06/02 21:11:35
"Level 2","221A",372.7241168375431,284.01342038468584,19/06/02 21:11:35
"Level 2","221A",372.53659344011055,284.2117327456881,19/06/02 21:11:35
"Level 2","221A",372.3749556134044,284.3826702365839,19/06/02 21:11:35
"Level 2","221A",372.3749556134044,284.3826702365839,19/06/02 21:11:35
"Level 2","221A",372.05108353605596,284.7251759569422,19/06/02 21:11:35
"Level 2","221A",371.93194556712905,284.8511684049588,19/06/02 21:11:36
"Level 2","221A",371.76342777554055,285.0293816923584,19/06/02 21:11:36
"Level 2","221A",371.61335075096616,285.18809324239976,19/06/02 21:11:36
"Level 2","221A",371.44370267828,285.36750184044405,19/06/02 21:11:36
"Level 2","221A",371.2453767003184,285.5772382972069,19/06/02 21:11:36
"Level 2","221A",371.0995535966355,285.7314511814441,19/06/02 21:11:36
"Level 2","221A",370.97444944542997,285.8637530698293,19/06/02 21:11:36
"Level 2","221A",370.8201372413713,286.0269434660002,19/06/02 21:11:36
"Level 2","221A",370.6493986908023,286.2075052814378,19/06/02 21:11:36
"Level 2","221A",370.4879466459672,286.3782463016958,19/06/02 21:11:36
"Level 2","221A",370.3757368056792,286.49691201840034,19/06/02 21:11:37
"Level 2","221A",370.2257719011235,286.65550499771433,19/06/02 21:11:37
"Level 2","221A",370.1206719874531,286.76665172557057,19/06/02 21:11:37
"Level 2","221A",369.9920634361705,286.9026596360453,19/06/02 21:11:37
"Level 2","221A",369.8295374834262,287.07453635038684,19/06/02 21:11:37
"Level 2","221A",369.6554651512634,287.25862375307366,19/06/02 21:11:37
"Level 2","221A",369.48216368734296,287.44189593641585,19/06/02 21:11:37
"Level 2","221A",369.3118147662556,287.62204570544486,19/06/02 21:11:37
"Level 2","221A",369.1400662130886,287.8036756329291,19/06/02 21:11:37
"Level 2","221A",368.96862345494543,287.98498217179093,19/06/02 21:11:37
"Level 2","221A",368.8555435901837,288.10456796892214,19/06/02 21:11:38
"Level 2","221A",368.70404673809617,288.26478103477535,19/06/02 21:11:38
"Level 2","221A",368.5696215559347,288.4069402299349,19/06/02 21:11:38
"Level 2","221A",368.3931167152708,288.59360009296864,19/06/02 21:11:38
"Level 2","221A",368.1927029243503,288.80554448283686,19/06/02 21:11:38
"Level 2","221A",368.02101589849536,288.9871093430991,19/06/02 21:11:38
"Level 2","221A",367.8372017079931,289.1814990918094,19/06/02 21:11:38
"Level 2","221A",367.730609931309,289.29422351546566,19/06/02 21:11:38
"Level 2","221A",367.62622413897657,289.40461503575574,19/06/02 21:11:38
"Level 2","221A",367.50481713149657,289.5330070690978,19/06/02 21:11:38
"Level 2","221A",367.36810769858425,289.67758193699854,19/06/02 21:11:39
"Level 2","221A",367.36810769858425,289.67758193699854,19/06/02 21:11:39
"Level 2","221A",367.1019383979847,289.95906501138234,19/06/02 21:11:39
"Level 2","221A",366.9191900133704,290.15232763417185,19/06/02 21:11:39
"Level 2","221A",366.7258373412997,290.35680465106367,19/06/02 21:11:39
"Level 2","221A",366.536968225165,290.5565401552935,19/06/02 21:11:39
"Level 2","221A",366.3376720892984,290.7673025869871,19/06/02 21:11:39
"Level 2","221A",366.1452655805377,290.97077900404736,19/06/02 21:11:39
"Level 2","221A",365.98081786372893,291.14468804914935,19/06/02 21:11:39
"Level 2","221A",365.98081786372893,291.14468804914935,19/06/02 21:11:39
"Level 2","221A",365.68885887715084,291.4534445922626,19/06/02 21:11:40
"Level 2","221A",365.523032136609,291.6288120017934,19/06/02 21:11:40
"Level 2","221A",365.3550007908528,291.8065108562059,19/06/02 21:11:40
"Level 2","221A",365.1626379811218,292.00994106005817,19/06/02 21:11:40
"Level 2","221A",365.02311205429686,292.1574944659185,19/06/02 21:11:40
"Level 2","221B",364.8310840639501,292.29650925791907,19/06/02 21:11:40
"Level 2","221B",364.68989227387164,292.3696293039826,19/06/02 21:11:40
"Level 2","221B",364.50176577304205,292.4670557789836,19/06/02 21:11:40
"Level 2","221B",364.26233410391814,292.59105204438737,19/06/02 21:11:40
"Level 2","221B",364.0782703003886,292.6863745400171,19/06/02 21:11:40
"Level 2","221B",363.8927781141461,292.78243676286263,19/06/02 21:11:41
"Level 2","221B",363.8927781141461,292.85707555328145,19/06/02 21:11:41
"Level 2","221B",363.5476490548035,292.9611713245745,19/06/02 21:11:41
"Level 2","221B",363.40073122960547,293.03725675517967,19/06/02 21:11:41
"Level 2","221B",363.2507678131498,293.11491942885914,19/06/02 21:11:41
"Level 2","221B",362.9926110077663,293.2486130203262,19/06/02 21:11:41
"Level 2","221B",362.7891529409546,293.3539793678242,19/06/02 21:11:41
"Level 2","221B",362.547267546489,293.47924636228316,19/06/02 21:11:41
"Level 2","221B",362.3675676034643,293.5723089129051,19/06/02 21:11:41
"Level 2","221B",362.1739417902462,293.67258335785493,19/06/02 21:11:41
"Level 2","221B",361.98483787885044,293.7705160117604,19/06/02 21:11:42
"Level 2","221B",361.76048575860307,293.88670291864656,19/06/02 21:11:42
"Level 2","221B",361.76048575860307,293.88670291864656,19/06/02 21:11:42
"Level 2","221B",361.62203138277863,293.9584053195606,19/06/02 21:11:42
"Level 2","221B",361.42447031036755,294.0607177465581,19/06/02 21:11:42
"Level 2","221B",361.42447031036755,294.0607177465581,19/06/02 21:11:42
"Level 2","221B",361.0447105457014,294.2573867700901,19/06/02 21:11:42
"Level 2","221B",360.8992881551263,294.33269774880637,19/06/02 21:11:42
"Level 2","221B",360.8992881551263,294.33269774880637,19/06/02 21:11:42
"Level 2","221B",360.41720891116057,294.58235572470886,19/06/02 21:11:43
"Level 2","221B",360.26353179501064,294.6619416397649,19/06/02 21:11:43
"Level 2","221B",360.0619535091068,294.766334491095,19/06/02 21:11:43
"Level 2","221B",360.0619535091068,294.8873832522229,19/06/02 21:11:43
"Level 2","221B",359.68478250041875,294.96166285624827,19/06/02 21:11:43
"Level 2","221B",359.4933277983476,295.0608129316651,19/06/02 21:11:43
"Level 2","221B",359.26902838191927,295.1769725444311,19/06/02 21:11:43
"Level 2","221B",359.00765341225,295.3123327506545,19/06/02 21:11:43
"Level 2","221B",358.772292774719,295.43422072054454,19/06/02 21:11:43
"Level 2","221B",358.5074559324625,295.57137375256116,19/06/02 21:11:43
"Level 2","221B",358.3019187236739,295.67781684083167,19/06/02 21:11:44
"Level 2","221B",358.0883225000854,295.78843351124226,19/06/02 21:11:44
"Level 2","221B",358.0883225000854,295.78843351124226,19/06/02 21:11:44
"Level 2","221B",357.6558501720437,296.01240118337125,19/06/02 21:11:44
"Level 2","221B",357.5155133220438,296.0850784752357,19/06/02 21:11:44
"Level 2","221B",357.32519672062114,296.1836391539759,19/06/02 21:11:44
"Level 2","221B",357.1506659005865,296.27402473229705,19/06/02 21:11:44
"Level 2","221B",357.0019691757436,296.3510314149375,19/06/02 21:11:44
"Level 2","221B",356.7624283086788,296.4750842314939,19/06/02 21:11:44
"Level 2","221B",356.55612325365337,296.58192497002557,19/06/02 21:11:44
"Level 2","221B",356.3404106512506,296.6936376653275,19/06/02 21:11:45
"Level 2","221B",356.16763275949086,296.78311544160056,19/06/02 21:11:45
"Level 2","229A",355.9475503499629,296.8637795147938,19/06/02 21:11:45
"Level 2","229A",355.6539071799664,296.9116876918267,19/06/02 21:11:45
"Level 2","229A",355.3712013570262,296.95781142974243,19/06/02 21:11:45
"Level 2","229A",355.14632789601575,296.9944997599366,19/06/02 21:11:45
"Level 2","229A",354.9168131732474,297.0319453166311,19/06/02 21:11:45
"Level 2","229A",354.69989301971754,297.06733605675095,19/06/02 21:11:45
"Level 2","229A",354.5428459848251,297.0929584376502,19/06/02 21:11:45
"Level 2","229A",354.29454415855224,297.1334691290816,19/06/02 21:11:45
"Level 2","229A",354.03238843830013,297.1762400971793,19/06/02 21:11:46
"Level 2","229A",353.7884301234781,297.216042140371,19/06/02 21:11:46
"Level 2","229A",353.61182211078903,297.2448559143724,19/06/02 21:11:46
"Level 2","229A",353.3357447330388,297.2898982148223,19/06/02 21:11:46
"Level 2","229A",353.11616842848724,297.32572230863934,19/06/02 21:11:46
"Level 2","229A",352.951292810936,297.3526219306334,19/06/02 21:11:46
"Level 2","229A",352.7328922721163,297.3882541970947,19/06/02 21:11:46
"Level 2","229A",352.4529757223434,297.4339228623019,19/06/02 21:11:46
"Level 2","229A",352.2217460534257,297.4716482141768,19/06/02 21:11:46
"Level 2","229A",351.9371292569746,297.5180837293331,19/06/02 21:11:46
"Level 2","229A",351.6768138531483,297.5605544479643,19/06/02 21:11:47
"Level 2","229A",351.6768138531483,297.5605544479643,19/06/02 21:11:47
"Level 2","229A",351.47115485767335,297.5941079188785,19/06/02 21:11:47
"Level 2","229A",351.2643094955244,297.6278549467027,19/06/02 21:11:47
"Level 2","229A",351.06544256378095,297.66030028562227,19/06/02 21:11:47
"Level 2","229A",350.8808908229003,297.6904100868274,19/06/02 21:11:47
"Level 2","229A",350.6487955870925,297.72827665680654,19/06/02 21:11:47
"Level 2","229A",350.3589330461638,297.77556802042375,19/06/02 21:11:47
"Level 2","229A",350.13724653564503,297.811736396456,19/06/02 21:11:47
"Level 2","229A",349.9149672192249,297.8480014893643,19/06/02 21:11:47
"Level 2","229A",349.705634943749,297.8821542595865,19/06/02 21:11:48
"Level 2","229A",349.5259392858391,297.9114717859955,19/06/02 21:11:48
"Level 2","229A",349.37255863835475,297.9364959921202,19/06/02 21:11:48
"Level 2","229A",349.2223268115168,297.96100646500537,19/06/02 21:11:48
"Level 2","229A",349.02089581531806,297.99387013360666,19/06/02 21:11:48
"Level 2","229A",349.02089581531806,297.99387013360666,19/06/02 21:11:48
"Level 2","229A",348.4715216514188,298.0835010782041,19/06/02 21:11:48
"Level 2","229A",348.4715216514188,298.0835010782041,19/06/02 21:11:48
"Level 2","229A",348.2303516621624,298.1228482032895,19/06/02 21:11:48
"Level 2","229A",347.9687343871726,298.1655313235038,19/06/02 21:11:48
"Level 2","229A",347.9687343871726,298.1655313235038,19/06/02 21:11:49
"Level 2","229A",347.4805403529196,298.2451806687267,19/06/02 21:11:49
"Level 2","229A",347.2915618762533,298.27601269630503,19/06/02 21:11:49
"Level 2","229A",347.1225358194698,298.3035894666132,19/06/02 21:11:49
"Level 2","229A",346.82876676301225,298.35151818214814,19/06/02 21:11:49
"Level 2","229A",346.82876676301225,298.35151818214814,19/06/02 21:11:49
"Level 2","229A",346.64354353580495,298.38173753701943,19/06/02 21:11:49
"Level 2","229A",346.64354353580495,298.38173753701943,19/06/02 21:11:49
"Level 2","229A",346.2347040116443,298.4484401145109,19/06/02 21:11:49
"Level 2","229A",346.0368605210904,298.48071847797627,19/06/02 21:11:49
"Level 2","229A",345.8629149934631,298.5090978648755,19/06/02 21:11:50
"Level 2","229A",345.62238690712053,298.5483402628581,19/06/02 21:11:50
"Level 2","229A",345.4735990322752,298.57261515353076,19/06/02 21:11:50
"Level 2","229A",345.2812667254308,298.6039943618589,19/06/02 21:11:50
"Level 2","229A",345.09246293791097,298.6347978887282,19/06/02 21:11:50
"Level 2","229A",344.8445973559998,298.67523740645544,19/06/02 21:11:50
"Level 2","229A",344.58454850747967,298.71766463632173,19/06/02 21:11:50
"Level 2","229A",344.4184972940442,298.7447560579607,19/06/02 21:11:50
"Level 2","229A",344.13985487887476,298.7902168468324,19/06/02 21:11:50
"Level 2","229A",343.9119306017357,298.82740292073083,19/06/02 21:11:50
"Level 2","229A",343.67406096601144,298.8662115898348,19/06/02 21:11:51
"Level 2","229A",343.4833493981323,298.89732637297885,19/06/02 21:11:51
"Level 2","229A",343.4833493981323,298.89732637297885,19/06/02 21:11:51
"Level 2","229A",343.2092290569329,298.9420493809571,19/06/02 21:11:51
"Level 2","229A",343.02969674052883,298.9713402580359,19/06/02 21:11:51
"Level 2","229A",342.8380319845241,299.00261055477654,19/06/02 21:11:51
"Level 2","229A",342.59209616871436,299.04273522923324,19/06/02 21:11:51
"Level 2","229A",342.59209616871436,299.04273522923324,19/06/02 21:11:51
"Level 2","229A",342.0329054685744,299.1339677515418,19/06/02 21:11:51
"Level 2","229A",341.7857882041646,299.17428518051986,19/06/02 21:11:51
"Level 2","229A",341.51477718017344,299.2185009002841,19/06/02 21:11:52
"Level 2","229A",341.28878295159495,299.2553720848285,19/06/02 21:11:52
"Level 2","229A",340.99542284068804,299.30323408048764,19/06/02 21:11:52
"Level 2","229A",340.72358464594976,299.347584753987,19/06/02 21:11:52
"Level 2","229A",340.4978510717199,299.38441341251365,19/06/02 21:11:52
"Level 2","229A",340.4978510717199,299.41144708895104,19/06/02 21:11:52
"Level 2","229A",340.13717967162773,299.4432573123616,19/06/02 21:11:52
"Level 2","229A",339.942002189109,299.4751007139481,19/06/02 21:11:52
"Level 2","229A",339.79151717004885,299.49965249539775,19/06/02 21:11:52
"Level 2","229A",339.61500468787506,299.5284506835,19/06/02 21:11:52
"Level 2","229A",339.3372957587764,299.57375917318507,19/06/02 21:11:53
"Level 2","229A",339.3372957587764,299.57375917318507,19/06/02 21:11:53
"Level 2","229B",338.8599210848733,299.56994495477096,19/06/02 21:11:53
"Level 2","229B",338.8599210848733,299.55128433900455,19/06/02 21:11:53
"Level 2","229B",338.4660928245189,299.5366597875843,19/06/02 21:11:53
"Level 2","229B",338.2263318983697,299.51639592306503,19/06/02 21:11:53
"Level 2","229B",338.02729728207294,299.4995741224319,19/06/02 21:11:53
"Level 2","229B",338.02729728207294,299.4995741224319,19/06/02 21:11:53
"Level 2","229B",337.59694507613705,299.46320206241063,19/06/02 21:11:53
"Level 2","229B",337.34435100755485,299.44185357971025,19/06/02 21:11:53
"Level 2","229B",337.1744126149374,299.4274909034396,19/06/02 21:11:54
"Level 2","229B",336.97806863096946,299.4108965068705,19/06/02 21:11:54
"Level 2","229B",336.7104053624025,299.3882744212031,19/06/02 21:11:54
"Level 2","229B",336.5203432748599,299.37221095142064,19/06/02 21:11:54
"Level 2","229B",336.24035105740717,299.3485468604778,19/06/02 21:11:54
"Level 2","229B",336.0404074969234,299.3316482386456,19/06/02 21:11:54
"Level 2","229B",335.7605962173681,299.30799944002376,19/06/02 21:11:54
"Level 2","229B",335.7605962173681,299.30799944002376,19/06/02 21:11:54
"Level 2","229B",335.4950114122747,299.2855530197699,19/06/02 21:11:54
"Level 2","229B",335.4950114122747,299.2855530197699,19/06/02 21:11:54
