"timestamp","axis","ordinat"
"19/05/21 13:33:15",307.42403076013295,250.2179670985514
"19/05/21 13:33:15",307.621916704352,250.25865672467313
"19/05/21 13:33:15",307.82395996160085,250.3002011841865
"19/05/21 13:33:15",308.08853566581,250.3546036660184
"19/05/21 13:33:15",308.2489037201407,250.38757880327907
"19/05/21 13:33:15",308.4694356748995,250.4329249385109
"19/05/21 13:33:15",308.6402754342773,250.46805328460565
"19/05/21 13:33:15",308.8714526439604,250.51558831427636
"19/05/21 13:33:15",309.13341427974484,250.5694532871544
"19/05/21 13:33:15",309.37599530910603,250.61933318856876
"19/05/21 13:33:16",309.37599530910603,250.61933318856876
"19/05/21 13:33:16",309.59616795529246,250.66460544219402
"19/05/21 13:33:16",309.81307427783855,250.70920606909894
"19/05/21 13:33:16",310.01482660243073,250.7506907065715
"19/05/21 13:33:16",310.2495628894791,250.79895755945432
"19/05/21 13:33:16",310.4068045854619,250.8312898498832
"19/05/21 13:33:16",310.65251216540537,250.8818126376569
"19/05/21 13:33:16",310.8928607566806,250.93123350156145
"19/05/21 13:33:16",311.1628874731761,250.98675682930684
"19/05/21 13:33:16",311.3184573317311,251.01874535383493
"19/05/21 13:33:17",311.56020777694613,251.06845446920127
"19/05/21 13:33:17",311.80047292344796,251.1178581750573
"19/05/21 13:33:17",311.99085987745093,251.15700584674974
"19/05/21 13:33:17",312.2531523851249,251.21093885403786
"19/05/21 13:33:17",312.428561333136,251.24700672404825
"19/05/21 13:33:17",312.57931771651255,251.27800549406834
"19/05/21 13:33:17",312.800604411965,251.32350682029548
"19/05/21 13:33:17",312.98507743225485,251.3614384594261
"19/05/21 13:33:17",313.1344537362036,251.3921534552946
"19/05/21 13:33:17",313.4254634291428,251.45199133640446
"19/05/21 13:33:18",313.5949882343079,251.48684929949906
"19/05/21 13:33:18",313.8621711335142,251.54178787695957
"19/05/21 13:33:18",314.087235609308,251.5880659964565
"19/05/21 13:33:18",314.38062720951604,251.64839364916995
"19/05/21 13:33:18",314.5983484350155,251.6931618377308
"19/05/21 13:33:18",314.5983484350155,251.6931618377308
"19/05/21 13:33:18",314.8808979485092,251.7512601231361
"19/05/21 13:33:18",315.15969488785163,251.80858679820892
"19/05/21 13:33:18",315.3392760942895,251.84551257470753
"19/05/21 13:33:18",315.5336972828954,251.8854897722075
"19/05/21 13:33:19",315.7346694564214,251.9268139937631
"19/05/21 13:33:19",315.949062970071,251.97089793286122
"19/05/21 13:33:19",316.2312419617268,252.02892003097028
"19/05/21 13:33:19",316.47839616694284,252.0797402761592
"19/05/21 13:33:19",316.65132885249994,252.1152989731011
"19/05/21 13:33:19",316.9380991898805,252.17426515110262
"19/05/21 13:33:19",317.13120117095394,252.21397109102801
"19/05/21 13:33:19",317.38213489787347,252.26556848754845
"19/05/21 13:33:19",317.637800824512,252.31813892658616
"19/05/21 13:33:19",317.863104594459,252.36446625013176
"19/05/21 13:33:20",318.0908617038981,252.41129803328957
"19/05/21 13:33:20",318.31454421953543,252.45729199191646
"19/05/21 13:33:20",318.58046761269986,252.5119715877189
"19/05/21 13:33:20",318.8611636073748,252.56968874960359
"19/05/21 13:33:20",319.1519200683175,252.62947456074306
"19/05/21 13:33:20",319.3648641007483,252.6732604551817
"19/05/21 13:33:20",319.3648641007483,252.6732604551817
"19/05/21 13:33:20",319.5980605612336,252.72121068645004
"19/05/21 13:33:20",319.83257576985176,252.76943208083048
"19/05/21 13:33:20",319.9940228547328,252.8026290900884
"19/05/21 13:33:21",320.27831746316514,252.86108620472172
"19/05/21 13:33:21",320.52886240197137,252.91260365800497
"19/05/21 13:33:21",320.69652506622543,252.94707872469044
"19/05/21 13:33:21",320.8676656856086,252.98226893410336
"19/05/21 13:33:21",321.0788859534714,253.02570038529907
"19/05/21 13:33:21",321.2497251801139,253.06082862185193
"19/05/21 13:33:21",321.46973363619077,253.10606711444277
"19/05/21 13:33:21",321.70687426639165,253.15482835223168
"19/05/21 13:33:21",321.9738336324338,253.20972096644346
"19/05/21 13:33:21",322.20287859159635,253.25681755933272
"19/05/21 13:33:22",322.4689418686027,253.31152591827572
"19/05/21 13:33:22",322.69817032099706,253.3586602413384
"19/05/21 13:33:22",322.86887997299795,253.39376183454505
"19/05/21 13:33:22",323.1298920230737,253.4474315520824
"19/05/21 13:33:22",323.3209776999132,253.48672289628828
"19/05/21 13:33:22",323.54374214334206,253.53252807943107
"19/05/21 13:33:22",323.73351106911144,253.57154867116412
"19/05/21 13:33:22",323.9281392297077,253.61156842657766
"19/05/21 13:33:22",324.11468387952704,253.64992603750406
"19/05/21 13:33:22",324.4025829536856,253.70912430817728
"19/05/21 13:33:23",324.65339753251476,253.76069720527573
"19/05/21 13:33:23",324.89581278580636,253.81054301954802
"19/05/21 13:33:23",325.1517663310419,253.86317259918425
"19/05/21 13:33:23",325.3173755242157,253.8972254278435
"19/05/21 13:33:23",325.53196776490404,253.94135022951494
"19/05/21 13:33:23",325.71348092599146,253.97867325763585
"19/05/21 13:33:23",325.97992792704173,254.03346051853393
"19/05/21 13:33:23",326.24595501163617,254.08816143553497
"19/05/21 13:33:23",326.4797709611755,254.13623904713896
"19/05/21 13:33:23",326.75653776932995,254.19314828337173
"19/05/21 13:33:24",327.0322407762981,254.2498387790936
"19/05/21 13:33:24",327.2924695605974,254.30334744026223
"19/05/21 13:33:24",327.45273419070645,254.33630131126813
"19/05/21 13:33:24",327.6030400648201,254.36720744684902
"19/05/21 13:33:24",327.828959341464,254.4136613318716
"19/05/21 13:33:24",328.00443682974645,254.44974329524283
"19/05/21 13:33:24",328.19887870196305,254.48972474574012
"19/05/21 13:33:24",328.3469073390155,254.52016263217385
"19/05/21 13:33:24",328.57244933441143,254.5665389400194
"19/05/21 13:33:24",328.73295299775134,254.59954196142266
"19/05/21 13:33:25",328.9128029500228,254.6365229978718
"19/05/21 13:33:25",329.0879943608336,254.6725461375332
"19/05/21 13:33:25",329.3691529480627,254.73035841844288
"19/05/21 13:33:25",329.6554061688916,254.78921826610733
"19/05/21 13:33:25",329.8237890262556,254.82384142005841
"19/05/21 13:33:25",330.0165201149055,254.86347109648716
"19/05/21 13:33:25",330.30325867345056,254.9224307400734
"19/05/21 13:33:25",330.34970367343215,255.18532001383954
"19/05/21 13:33:25",330.3782528204836,255.44882252786965
"19/05/21 13:33:25",330.4024969152422,255.67259033108084
"19/05/21 13:33:26",330.4191073321995,255.8259009227926
"19/05/21 13:33:26",330.44820430897676,256.0944597878844
"19/05/21 13:33:26",330.4691133501095,256.2874457602675
"19/05/21 13:33:26",330.48768912089054,256.45889614692936
"19/05/21 13:33:26",330.51111197676033,256.67508409104977
"19/05/21 13:33:26",330.5314471962998,256.8627738129998
"19/05/21 13:33:26",330.5532760757481,257.0642496960697
"19/05/21 13:33:26",330.56952020100135,257.2141794937879
"19/05/21 13:33:26",330.5954559480757,257.4535608856387
"19/05/21 13:33:26",330.6125344286104,257.6111916039432
"19/05/21 13:33:27",330.64073299657684,257.87145834808854
"19/05/21 13:33:27",330.65834773060345,258.0340385712951
"19/05/21 13:33:27",330.6870949288075,258.29936905505417
"19/05/21 13:33:27",330.71491764711567,258.5561667873344
"19/05/21 13:33:27",330.73933530287854,258.78153652145056
"19/05/21 13:33:27",330.75676206975754,258.9423818481343
"19/05/21 13:33:27",330.786077572949,259.212957665236
"19/05/21 13:33:27",330.8175936476431,259.5038442860965
"19/05/21 13:33:27",330.8363329974476,259.67680447211757
"19/05/21 13:33:27",330.85874628271586,259.8836742957665
"19/05/21 13:33:28",330.8761034806247,260.0438775157526
"19/05/21 13:33:28",330.89750638811904,260.2414217689013
"19/05/21 13:33:28",330.91678479495135,260.4193573358605
"19/05/21 13:33:28",331.04533227675705,260.5895201397158
"19/05/21 13:33:28",331.29376043431773,260.5920220559926
"19/05/21 13:33:28",331.51650331125404,260.59426529619054
"19/05/21 13:33:28",331.78600883417374,260.5969794823001
"19/05/21 13:33:28",332.0544165501614,260.59968261241244
"19/05/21 13:33:28",332.34186455849084,260.6025774970255
"19/05/21 13:33:28",332.5307709240555,260.6044799702211
"19/05/21 13:33:29",332.8139559404148,260.6073319223055
"19/05/21 13:33:29",332.9846718174528,260.60905119936194
"19/05/21 13:33:29",333.28301064151015,260.6120557652181
"19/05/21 13:33:29",333.4917690082338,260.6141581676219
"19/05/21 13:33:29",333.7403791017078,260.6166619161726
"19/05/21 13:33:29",333.9906492983093,260.61918238359715
"19/05/21 13:33:29",334.21453114935537,260.6214370943864
"19/05/21 13:33:29",334.39809970339275,260.6232858105616
"19/05/21 13:33:29",334.6725800721024,260.62605009826905
"19/05/21 13:33:29",334.88232463910555,260.62816243268117
"19/05/21 13:33:30",335.0807773075064,260.63016104655054
"19/05/21 13:33:30",335.38053428013876,260.6331798945599
"19/05/21 13:33:30",335.57283815291737,260.63511658400006
"19/05/21 13:33:30",335.8109451624402,260.63751455614863
"19/05/21 13:33:30",336.02614799502646,260.63968186067217
"19/05/21 13:33:30",336.2306894610883,260.6417417947322
"19/05/21 13:33:30",336.48892259581135,260.644342456788
"19/05/21 13:33:30",336.7386934250552,260.64685789509133
"19/05/21 13:33:30",336.9053436788693,260.6485362273168
"19/05/21 13:33:30",337.0594502509683,260.65008823231045
"19/05/21 13:33:31",337.31540896403743,260.65266598869965
"19/05/21 13:33:31",337.5121701421667,260.6546475675957
"19/05/21 13:33:31",337.74580801696476,260.65700053115495
"19/05/21 13:33:31",338.0003475369583,260.65956399487186
"19/05/21 13:33:31",338.2940626659898,260.6625219955642
"19/05/21 13:33:31",338.5872862335889,260.6654750457487
"19/05/21 13:33:31",338.78007533172985,260.6674166218863
"19/05/21 13:33:31",338.78007533172985,260.6674166218863
"19/05/21 13:33:31",339.06961358828033,260.67033255735805
"19/05/21 13:33:32",339.31264718363724,260.6727801450792
"19/05/21 13:33:32",339.58230572201245,260.67549587220515
"19/05/21 13:33:32",339.74243964240895,260.67710857853376
"19/05/21 13:33:32",339.9916827453479,260.6796187021133
"19/05/21 13:33:32",340.2767405224777,260.68248951474357
"19/05/21 13:33:32",340.48708498551315,260.6846078906997
"19/05/21 13:33:32",340.64270783646236,260.68617516611505
"19/05/21 13:33:32",340.85457204204056,260.6883088473757
"19/05/21 13:33:32",341.04254350418415,260.6902019051729
"19/05/21 13:33:32",341.25082488527914,260.69229950386153
"19/05/21 13:33:33",341.41524494439034,260.6939553758294
"19/05/21 13:33:33",341.694494605178,260.6967676950064
"19/05/21 13:33:33",341.98512720709226,260.69969465161404
"19/05/21 13:33:33",342.20598210171755,260.70191887797023
"19/05/21 13:33:33",342.3821806885951,260.70369337131586
"19/05/21 13:33:33",342.61353757247156,260.7060233630495
"19/05/21 13:33:33",342.8790526554307,260.7086973614976
"19/05/21 13:33:33",343.15770769859046,260.71150369228934
"19/05/21 13:33:33",343.443388183961,260.71438077620496
"19/05/21 13:33:33",343.6819023207736,260.7167828485264
"19/05/21 13:33:34",343.8359651696974,260.7183344131846
"19/05/21 13:33:34",344.11479386378494,260.72114249281225
"19/05/21 13:33:34",344.3169027455927,260.7231779283524
"19/05/21 13:33:34",344.48730392747115,260.7248940361186
"19/05/21 13:33:34",344.6394457973279,260.7264262546252
"19/05/21 13:33:34",344.8142085659642,260.7281862878667
"19/05/21 13:33:34",345.1033490955558,260.73109821783623
"19/05/21 13:33:34",345.27823644562807,260.7328595057355
"19/05/21 13:33:34",345.50992895799675,260.7351928775787
"19/05/21 13:33:34",345.762359856473,260.7377351053997
"19/05/21 13:33:35",345.9741847988549,260.73986839124126
"19/05/21 13:33:35",346.23246468016623,260.7424695240813
"19/05/21 13:33:35",346.41946434160093,260.744352794888
"19/05/21 13:33:35",346.6827883291688,260.7470047268471
"19/05/21 13:33:35",346.873421471685,260.7489245903877
"19/05/21 13:33:35",347.04333221793456,260.75063575898395
"19/05/21 13:33:35",347.27882990668286,260.7530074527018
"19/05/21 13:33:35",347.43345893297146,260.7545647193238
"19/05/21 13:33:35",347.6081274764487,260.75632380362515
"19/05/21 13:33:35",347.7768896949537,260.7580234054156
"19/05/21 13:33:36",347.96815451153077,260.75994963053625
"19/05/21 13:33:36",348.24674663631134,260.7627553276779
"19/05/21 13:33:36",348.40909013462925,260.7643902866329
"19/05/21 13:33:36",348.6946706593508,260.7672663638463
"19/05/21 13:33:36",348.8965568980357,260.76929955715093
"19/05/21 13:33:36",349.10184849574637,260.7713670457756
"19/05/21 13:33:36",349.25497611155436,260.77290919171503
"19/05/21 13:33:36",349.4641950114622,260.77501623214164
"19/05/21 13:33:36",349.738183969921,260.7777755708638
"19/05/21 13:33:36",350.0227637755304,260.78064156985
"19/05/21 13:33:37",350.2625256695567,260.7830562083157
"19/05/21 13:33:37",350.5620910766162,260.786073127071
"19/05/21 13:33:37",350.84313532766134,260.78890351953976
"19/05/21 13:33:37",351.0847255997527,260.79133657157377
"19/05/21 13:33:37",351.0847255997527,260.79133657157377
"19/05/21 13:33:37",351.2806852113041,260.7933100779047
"19/05/21 13:33:37",351.5755520617996,260.7962796775668
"19/05/21 13:33:37",351.7760140666448,260.79829852743364
"19/05/21 13:33:37",352.0409009325734,260.8009661991174
"19/05/21 13:33:37",352.27157256860585,260.8032892897302
"19/05/21 13:33:38",352.5163886099277,260.8057548284381
"19/05/21 13:33:38",352.7078371496997,260.80768290383236
"19/05/21 13:33:38",352.9261930161065,260.8098819625126
"19/05/21 13:33:38",353.1869444316265,260.81250798613684
"19/05/21 13:33:38",353.3440953380855,260.8140906505765
"19/05/21 13:33:38",353.547528273005,260.8161394206358
"19/05/21 13:33:38",353.77619959029937,260.8184423660684
"19/05/21 13:33:38",353.97137610197717,260.82040798581215
"19/05/21 13:33:38",354.22188754225465,260.8229308827982
"19/05/21 13:33:38",354.397641158505,260.8247008948512
"19/05/21 13:33:39",354.62968032438033,260.8270377578367
"19/05/21 13:33:39",354.8977660522101,260.8297376452111
"19/05/21 13:33:39",355.0657549609788,260.8314294590107
"19/05/21 13:33:39",355.34419786850754,260.8342336533876
"19/05/21 13:33:39",355.6370935156114,260.8371834010897
"19/05/21 13:33:39",355.85325578587424,260.8393603680958
"19/05/21 13:33:39",356.0429746487521,260.8412710239398
"19/05/21 13:33:39",356.21045100913716,260.84295767587224
"19/05/21 13:33:39",356.5018503314019,260.84589235410914
"19/05/21 13:33:39",356.7527524402445,260.84841918551245
"19/05/21 13:33:40",357.0040975841015,260.8509504787148
"19/05/21 13:33:40",357.25747628350445,260.8535022518248
"19/05/21 13:33:40",357.4579935634227,260.85552165836606
"19/05/21 13:33:40",357.70479113697405,260.85800715305555
"19/05/21 13:33:40",357.98777733003215,260.86085710279343
"19/05/21 13:33:40",358.22845397407116,260.86328095369294
"19/05/21 13:33:40",358.3882522511578,260.8648902797628
"19/05/21 13:33:40",358.59431312461925,260.8669655157521
"19/05/21 13:33:40",358.84561407795053,260.86949636391233
"19/05/21 13:33:40",359.1328432357952,260.87238904448543
"19/05/21 13:33:41",359.3187888754212,260.8742617002542
"19/05/21 13:33:41",359.46900449993865,260.87577451957264
"19/05/21 13:33:41",359.62043666370664,260.8772995906398
"19/05/21 13:33:41",359.8754454148943,260.879867779977
"19/05/21 13:33:41",360.0508163002073,260.8816339375525
"19/05/21 13:33:41",360.2347848113653,260.88348668168993
"19/05/21 13:33:41",360.4089550860269,260.88524074793344
"19/05/21 13:33:41",360.64650008890465,260.8876330601214
"19/05/21 13:33:41",360.9065431521667,260.89025194994065
"19/05/21 13:33:41",361.1854688223086,260.8930610062127
"19/05/21 13:33:42",361.4747199311797,260.8959740498245
"19/05/21 13:33:42",361.6723867742568,260.89796474965874
"19/05/21 13:33:42",361.8598912228597,260.8998531041695
"19/05/21 13:33:42",362.05921828170204,260.901860524012
"19/05/21 13:33:42",362.2259900917046,260.90354008042806
"19/05/21 13:33:42",362.4801915625737,260.90610013965727
"19/05/21 13:33:42",362.67414050265734,260.9080533965458
"19/05/21 13:33:42",362.94557445034326,260.9107870037925
"19/05/21 13:33:42",363.11986934405206,260.9125423250726
"19/05/21 13:33:42",363.3411555452523,260.9147708951109
"19/05/21 13:33:43",363.5922969108554,260.91730013606553
"19/05/21 13:33:43",363.8014802466553,260.91940681832654
"19/05/21 13:33:43",364.0484870411018,260.92189442007657
"19/05/21 13:33:43",364.2716562164121,260.9241419535191
"19/05/21 13:33:43",364.49660144989025,260.926407373617
"19/05/21 13:33:43",364.71966361329083,260.92865382934417
"19/05/21 13:33:43",364.9500456075951,260.93097400297944
"19/05/21 13:33:43",365.172140767221,260.933210720026
"19/05/21 13:33:43",365.4554206667495,260.93606362767736
"19/05/21 13:33:43",365.7428167609672,260.93895798946414
"19/05/21 13:33:44",365.9994108554401,260.94154214477004
"19/05/21 13:33:44",366.15096942552026,260.9430684888733
"19/05/21 13:33:44",366.35815710620506,260.94515507292135
"19/05/21 13:33:44",366.60386601009213,260.9476296036349
"19/05/21 13:33:44",366.86391478076956,260.9502485509334
"19/05/21 13:33:44",367.0745389692064,260.9523697439999
"19/05/21 13:33:44",367.3417692226464,260.9550610159044
"19/05/21 13:33:44",367.56471201798803,260.95730626947767
"19/05/21 13:33:44",367.7221974501957,260.9588923029212
"19/05/21 13:33:44",367.8930992400855,260.9606134523032
"19/05/21 13:33:45",368.13013000739227,260.9630005856324
"19/05/21 13:33:45",368.2951938509809,260.9646629411441
"19/05/21 13:33:45",368.4599393833701,260.9663220909485
"19/05/21 13:33:45",368.7450448886659,260.96919338424834
"19/05/21 13:33:45",368.9256426158765,260.9710121812708
"19/05/21 13:33:45",369.1557263129008,260.9733293507586
"19/05/21 13:33:45",369.3701669556091,260.97548897927925
"19/05/21 13:33:45",369.66112370460047,260.9784192003673
"19/05/21 13:33:45",369.90500367960624,260.9808753119653
"19/05/21 13:33:45",370.1893863920057,260.9837393260287
"19/05/21 13:33:46",370.36915082333087,260.98554973094065
"19/05/21 13:33:46",370.5599709905541,260.9874714780043
"19/05/21 13:33:46",370.77468111987633,260.9896338205206
"19/05/21 13:33:46",371.06403473681866,260.99254789648967
"19/05/21 13:33:46",371.34920356008075,260.9954198274638
"19/05/21 13:33:46",371.5137259558926,260.99707673006304
"19/05/21 13:33:46",371.73118894205163,260.9992667965596
"19/05/21 13:33:46",371.9538900026071,261.0015096156254
"19/05/21 13:33:46",372.17795173275545,261.0037661379745
"19/05/21 13:33:46",372.34122583264826,261.00541046900406
"19/05/21 13:33:47",372.55621782981075,261.00757565020723
"19/05/21 13:33:47",372.7371890701872,261.0093982088752
"19/05/21 13:33:47",372.980588178669,261.0118494776736
"19/05/21 13:33:47",373.2448898436922,261.01451125580775
"19/05/21 13:33:47",373.5053965723615,261.01713481519437
"19/05/21 13:33:47",373.6777058760438,261.0188701396268
"19/05/21 13:33:47",373.878669132167,261.02089403758777
"19/05/21 13:33:47",374.02991554328247,261.0224172379427
"19/05/21 13:33:47",374.2005060787688,261.0241352526862
"19/05/21 13:33:47",374.4807800992087,261.026957888174
"19/05/21 13:33:48",374.75947642755614,261.02976463474823
"19/05/21 13:33:48",375.0402234001564,261.0325920333302
"19/05/21 13:33:48",375.28816075480785,261.03508900673825
"19/05/21 13:33:48",375.51835706213893,261.03740731032275
"19/05/21 13:33:48",375.69700482960866,261.03920646932966
"19/05/21 13:33:48",375.9068921233625,261.04132024114074
"19/05/21 13:33:48",376.1425910822912,261.04369396184757
"19/05/21 13:33:48",376.3062217037281,261.04534188340034
"19/05/21 13:33:48",376.54316775003355,261.0477281635056
"19/05/21 13:33:48",376.8113554628747,261.0504290779695
"19/05/21 13:33:49",376.974934261868,261.0520764776192
"19/05/21 13:33:49",377.1645947369176,261.05398654544024
"19/05/21 13:33:49",377.45695659717336,261.0569309173829
"19/05/21 13:33:49",377.6441421511727,261.05881606031085
"19/05/21 13:33:49",377.9193063869358,261.0615872352332
"19/05/21 13:33:49",378.1059068977201,261.0634664861997
"19/05/21 13:33:49",378.26345746841474,261.0650531756519
"19/05/21 13:33:49",378.4547533643301,261.0669797137721
"19/05/21 13:33:49",378.6445249690658,261.1620668217829
"19/05/21 13:33:49",378.74157914040234,261.27687765673204
"19/05/21 13:33:50",378.8439396306709,261.3979656346283
"19/05/21 13:33:50",379.00004079291546,261.5826264743123
"19/05/21 13:33:50",379.1821365758303,261.7980378120145
"19/05/21 13:33:50",379.30247186769594,261.94038919313175
"19/05/21 13:33:50",379.43229481530165,262.09396405555054
"19/05/21 13:33:50",379.57740061654033,262.26561786462196
"19/05/21 13:33:50",379.7458429934957,262.46487782092015
"19/05/21 13:33:50",379.87767923658305,262.62083432373686
"19/05/21 13:33:50",380.0029768472516,262.76905591071136
"19/05/21 13:33:50",380.1327892161807,262.92261825901886
"19/05/21 13:33:51",380.236456491355,263.0452521062381
"19/05/21 13:33:51",380.42371610721307,263.2667720322017
"19/05/21 13:33:51",380.607043483317,263.48364029071837
"19/05/21 13:33:51",380.7143428698773,263.6105707666668
"19/05/21 13:33:51",380.8228894536855,263.738976622348
"19/05/21 13:33:51",380.8228894536855,263.738976622348
"19/05/21 13:33:51",380.9475850149112,263.88648601119377
"19/05/21 13:33:51",381.1827436214543,264.16466834576937
"19/05/21 13:33:51",381.1827436214543,264.16466834576937
"19/05/21 13:33:52",381.51432359909154,264.55691294031607
"19/05/21 13:33:52",381.66595803374594,264.7362898368469
"19/05/21 13:33:52",381.8106152364786,264.90741297352855
"19/05/21 13:33:52",381.8314583333335,264.9320694444446
"19/05/21 13:33:52",381.65098266784037,264.79700372726774
"19/05/21 13:33:52",381.27108552755857,264.51269348762736
"19/05/21 13:33:52",381.12087640503313,264.40027887037144
"19/05/21 13:33:52",380.9162686297062,264.24715298584294
"19/05/21 13:33:52",380.6950713078964,264.08161169346863
"19/05/21 13:33:52",380.4757531478529,263.91747674211524
"19/05/21 13:33:53",380.3412314524868,263.81680239795463
"19/05/21 13:33:53",380.3412314524868,263.81680239795463
"19/05/21 13:33:53",379.98797047489006,263.5524263273119
"19/05/21 13:33:53",379.98797047489006,263.5524263273119
"19/05/21 13:33:53",379.8248684522013,263.4303628258018
"19/05/21 13:33:53",379.645707162929,263.2962807712501
"19/05/21 13:33:53",379.4672966428193,263.162760582893
"19/05/21 13:33:53",379.4672966428193,263.162760582893
"19/05/21 13:33:53",379.03875496603735,262.84204538421733
"19/05/21 13:33:53",378.8361134731496,262.69039104072516
"19/05/21 13:33:54",378.6980543386239,262.5870693216081
"19/05/21 13:33:54",378.565053017571,262.48755383415204
"19/05/21 13:33:54",378.2839225036888,262.4721577829797
"19/05/21 13:33:54",378.04419742221205,262.459029291267
"19/05/21 13:33:54",377.88954707937245,262.45055989902886
"19/05/21 13:33:54",377.88954707937245,262.45055989902886
"19/05/21 13:33:54",377.4615334600795,262.4271198266792
"19/05/21 13:33:54",377.4615334600795,262.4271198266792
"19/05/21 13:33:54",376.9387890894492,262.398491845429
"19/05/21 13:33:54",376.73780502096554,262.38748499682885
"19/05/21 13:33:55",376.44467356480817,262.37143171667475
"19/05/21 13:33:55",376.2620433406892,262.3614300123513
"19/05/21 13:33:55",375.99794642377304,262.3469668023954
"19/05/21 13:33:55",375.73425443407126,262.3325257681899
"19/05/21 13:33:55",375.4533067076282,262.3171397273317
"19/05/21 13:33:55",375.21455918792896,262.3040647715761
"19/05/21 13:33:55",374.94564203568325,262.2893375824855
"19/05/21 13:33:55",374.94564203568325,262.2893375824855
"19/05/21 13:33:55",374.61961322338396,262.2714826858096
"19/05/21 13:33:55",374.4219737340296,262.2606590023547
"19/05/21 13:33:56",374.22952664167576,262.2501196793871
"19/05/21 13:33:56",374.02102323821504,262.2387010360497
"19/05/21 13:33:56",374.02102323821504,262.2387010360497
"19/05/21 13:33:56",373.83100313755125,262.2282946267518
"19/05/21 13:33:56",373.44109366973,262.2069309210977
"19/05/21 13:33:56",373.163937991506,262.1917451592258
"19/05/21 13:33:56",372.9531446871343,262.18019548813515
"19/05/21 13:33:56",372.75706216232095,262.1694518420077
"19/05/21 13:33:56",372.47296698221083,262.15388585475546
"19/05/21 13:33:56",372.47296698221083,262.15388585475546
"19/05/21 13:33:57",372.0422776503071,262.1302877611607
"19/05/21 13:33:57",371.83594139420495,262.11898229821367
"19/05/21 13:33:57",371.56700792745943,262.1042470432423
"19/05/21 13:33:57",371.39269284870187,262.09469606707734
"19/05/21 13:33:57",371.1974930316548,262.08400078578956
"19/05/21 13:33:57",370.9344013914209,262.0695856129716
"19/05/21 13:33:57",370.739929640063,262.0589302234596
"19/05/21 13:33:57",370.45340834842875,262.04323130603575
"19/05/21 13:33:57",370.45340834842875,262.04323130603575
"19/05/21 13:33:57",370.0115437932217,262.0190209057365
"19/05/21 13:33:58",369.8596086509544,262.01069615877395
"19/05/21 13:33:58",369.5846975066199,261.99563337817153
"19/05/21 13:33:58",369.3173949547204,261.9809874833917
"19/05/21 13:33:58",369.0990942641046,261.9690264717126
"19/05/21 13:33:58",369.0990942641046,261.9690264717126
"19/05/21 13:33:58",368.93912655085177,261.96026160852733
"19/05/21 13:33:58",368.4330810598237,261.9325346416026
"19/05/21 13:33:58",368.2214792444415,261.9209406710203
"19/05/21 13:33:58",367.92811113186514,261.90486660633957
"19/05/21 13:33:58",367.6685789489405,261.89064646135375
"19/05/21 13:33:59",367.40554225325167,261.87623429902715
"19/05/21 13:33:59",367.23837691875184,261.86707506772717
"19/05/21 13:33:59",367.03460743333665,261.8559102418715
"19/05/21 13:33:59",366.7927181653517,261.84265677780206
"19/05/21 13:33:59",366.7927181653517,261.84265677780206
"19/05/21 13:33:59",366.40776419633016,261.82156459111957
"19/05/21 13:33:59",366.17464680260525,261.80879175077223
"19/05/21 13:33:59",366.17464680260525,261.80879175077223
"19/05/21 13:33:59",365.72033387461204,261.7838992860605
"19/05/21 13:33:59",365.44867067587575,261.76901446511147
"19/05/21 13:34:00",365.283980738245,261.75999086439873
"19/05/21 13:34:00",365.10601404123247,261.75023981076964
"19/05/21 13:34:00",365.10601404123247,261.75023981076964
"19/05/21 13:34:00",364.85206071067023,261.73632533920187
"19/05/21 13:34:00",364.29940193501596,261.7060443627583
"19/05/21 13:34:00",364.12136576585743,261.6962895026495
"19/05/21 13:34:00",363.9102638599284,261.68472292283167
"19/05/21 13:34:00",363.9102638599284,261.68472292283167
"19/05/21 13:34:00",363.49961712046746,261.6622229919665
"19/05/21 13:34:00",363.20925733655815,261.6463137579797
"19/05/21 13:34:01",363.20925733655815,261.6463137579797
"19/05/21 13:34:01",362.8173125595953,261.6248385347837
"19/05/21 13:34:01",362.8173125595953,261.6248385347837
"19/05/21 13:34:01",362.4012713855513,261.60204303501826
"19/05/21 13:34:01",362.2053713092986,261.5913093855122
"19/05/21 13:34:01",362.0013424357607,261.5801303474048
"19/05/21 13:34:01",361.7577892172127,261.56678571306895
"19/05/21 13:34:01",361.7577892172127,261.56678571306895
"19/05/21 13:34:01",361.5251412307177,261.554038592225
"19/05/21 13:34:01",361.0784197828225,261.5295620757261
"19/05/21 13:34:02",360.8684976648772,261.51806013820425
"19/05/21 13:34:02",360.8684976648772,261.5026402653908
"19/05/21 13:34:02",360.58706922264395,261.5026402653908
"19/05/21 13:34:02",360.16894557171423,261.47973066369434
"19/05/21 13:34:02",360.16894557171423,261.47973066369434
"19/05/21 13:34:02",359.5785081435783,261.4473797400496
"19/05/21 13:34:02",359.372568986756,261.4360960347485
"19/05/21 13:34:02",359.372568986756,261.4360960347485
"19/05/21 13:34:02",358.9896988282814,261.4151180230703
"19/05/21 13:34:02",358.70419994187796,261.399475124713
"19/05/21 13:34:03",358.70419994187796,261.399475124713
"19/05/21 13:34:03",358.27966578557664,261.37621428212304
"19/05/21 13:34:03",358.27966578557664,261.37621428212304
"19/05/21 13:34:03",357.8491450065156,261.3526254237831
"19/05/21 13:34:03",357.58777109293493,261.33830436770154
"19/05/21 13:34:03",357.38789143299806,261.32735267102953
"19/05/21 13:34:03",357.10838333326035,261.3120380165686
"19/05/21 13:34:03",356.9025058570939,261.30075769084016
"19/05/21 13:34:03",356.9025058570939,261.30075769084016
"19/05/21 13:34:03",356.4714437402385,261.27713917181677
"19/05/21 13:34:04",356.1875764209916,261.261585669392
"19/05/21 13:34:04",355.9362058494549,261.2478127109398
"19/05/21 13:34:04",355.9362058494549,261.2328452410346
"19/05/21 13:34:04",355.4619340901025,261.2218266728898
"19/05/21 13:34:04",355.4619340901025,261.2218266728898
"19/05/21 13:34:04",354.8981667105571,261.19093703991604
"19/05/21 13:34:04",354.6221462275852,261.1758134770396
"19/05/21 13:34:04",354.6221462275852,261.1758134770396
"19/05/21 13:34:04",354.19155201336395,261.1522205950806
"19/05/21 13:34:04",353.9862615883567,261.14097243473725
"19/05/21 13:34:05",353.82651916395497,261.1322199154551
"19/05/21 13:34:05",353.82651916395497,261.1322199154551
"19/05/21 13:34:05",353.2813952729562,261.10235178627784
"19/05/21 13:34:05",353.2813952729562,261.10235178627784
"19/05/21 13:34:05",352.8641002173863,261.0794875845237
"19/05/21 13:34:05",352.6329324244567,261.0668215656336
"19/05/21 13:34:05",352.6329324244567,261.0513285590663
"19/05/21 13:34:05",352.10724362989447,261.03801831359806
"19/05/21 13:34:05",351.9220756863205,261.02787269321806
"19/05/21 13:34:05",351.73085911706386,261.0173956598579
"19/05/21 13:34:06",351.5147659831807,261.00555560341627
"19/05/21 13:34:06",351.35343516169996,260.9967160535528
"19/05/21 13:34:06",351.05465871122476,260.980345658189
"19/05/21 13:34:06",351.05465871122476,260.980345658189
"19/05/21 13:34:06",350.677498276126,260.95968049054164
"19/05/21 13:34:06",350.677498276126,260.95968049054164
"19/05/21 13:34:06",350.4054033419205,260.94477201417965
"19/05/21 13:34:06",349.9737332420582,260.9211201828849
"19/05/21 13:34:06",349.71767038856296,260.9070901274939
"19/05/21 13:34:06",349.46786495799734,260.8934029253872
"19/05/21 13:34:07",349.185050184089,260.87790709344915
"19/05/21 13:34:07",349.185050184089,260.8665551551803
"19/05/21 13:34:07",348.97786570585265,260.8665551551803
"19/05/21 13:34:07",348.7618846816718,260.8547212413919
"19/05/21 13:34:07",348.34305184359505,260.8317727823024
"19/05/21 13:34:07",348.15347150775256,260.82138540054586
"19/05/21 13:34:07",347.8805355984275,260.80643084593646
"19/05/21 13:34:07",347.6424130877938,260.7933837679693
"19/05/21 13:34:07",347.3721244143442,260.7785742592557
"19/05/21 13:34:07",347.09970423083104,260.7636479620121
"19/05/21 13:34:08",347.09970423083104,260.7487119135265
"19/05/21 13:34:08",346.82710607718394,260.7487119135265
"19/05/21 13:34:08",346.28972561025296,260.7192680577927
"19/05/21 13:34:08",346.10506816797556,260.7091504085197
"19/05/21 13:34:08",345.92128251824147,260.6990805260254
"19/05/21 13:34:08",345.70769858086555,260.68737795210217
"19/05/21 13:34:08",345.70769858086555,260.68737795210217
"19/05/21 13:34:08",345.21093748562487,260.660159690698
"19/05/21 13:34:08",345.21093748562487,260.660159690698
"19/05/21 13:34:08",344.9972883250029,260.64845354309847
"19/05/21 13:34:09",344.9972883250029,260.64845354309847
"19/05/21 13:34:09",344.4994080484085,260.62117396012354
"19/05/21 13:34:09",344.3212301489668,260.61141133440685
"19/05/21 13:34:09",344.11557356032574,260.6001431114265
"19/05/21 13:34:09",343.90174236267603,260.588426989754
"19/05/21 13:34:09",343.90174236267603,260.588426989754
"19/05/21 13:34:09",343.4586742382941,260.56415064415285
"19/05/21 13:34:09",343.4586742382941,260.56415064415285
"19/05/21 13:34:09",343.2791228974132,260.5543127655863
"19/05/21 13:34:09",343.08653345802907,260.54376051067936
"19/05/21 13:34:10",342.57249783260255,260.51559575269414
"19/05/21 13:34:10",342.3019118434227,260.50076995362014
"19/05/21 13:34:10",342.11920815791933,260.4907593535164
"19/05/21 13:34:10",341.8612332409076,260.4766245333902
"19/05/21 13:34:10",341.8612332409076,260.4766245333902
"19/05/21 13:34:10",341.50421067664666,260.45706274891404
"19/05/21 13:34:10",341.20610873449164,260.4407293108401
"19/05/21 13:34:10",341.0438804800573,260.4318405893226
"19/05/21 13:34:10",340.8615642631852,260.42185121918754
"19/05/21 13:34:10",340.8615642631852,260.42185121918754
"19/05/21 13:34:11",340.39346467112847,260.396203363142
"19/05/21 13:34:11",340.1286083529648,260.381691501059
"19/05/21 13:34:11",339.93278240150903,260.37096191295814
"19/05/21 13:34:11",339.7023139254121,260.3583342106523
"19/05/21 13:34:11",339.53712055267704,260.3492830259995
"19/05/21 13:34:11",339.36109365618194,260.3396382568562
"19/05/21 13:34:11",339.36109365618194,260.3396382568562
"19/05/21 13:34:11",339.15722205738325,260.32846783606004
"19/05/21 13:34:11",338.9783313604039,260.3186661551317
"19/05/21 13:34:11",338.7689784517193,260.3071954054114
"19/05/21 13:34:12",338.7689784517193,260.3071954054114
"19/05/21 13:34:12",338.4811054438865,260.29142242549517
"19/05/21 13:34:12",338.2038589343175,260.27623168684204
"19/05/21 13:34:12",338.2038589343175,260.27623168684204
"19/05/21 13:34:12",337.8184359066328,260.2551137997546
"19/05/21 13:34:12",337.5327409784443,260.2394601599833
"19/05/21 13:34:12",337.5327409784443,260.2394601599833
"19/05/21 13:34:12",337.05085498437387,260.2130569269619
"19/05/21 13:34:12",336.8438624309521,260.2017155045322
"19/05/21 13:34:13",336.8438624309521,260.2017155045322
"19/05/21 13:34:13",336.59585842161914,260.1881270049094
"19/05/21 13:34:13",336.59585842161914,260.1881270049094
"19/05/21 13:34:13",336.3621701264959,260.17532288404584
"19/05/21 13:34:13",335.8671239533031,260.1481985857097
"19/05/21 13:34:13",335.64899967891233,260.1362472401316
"19/05/21 13:34:13",335.46601134871383,260.1262210439319
"19/05/21 13:34:13",335.25090867614364,260.11443525630307
"19/05/21 13:34:13",335.25090867614364,260.11443525630307
"19/05/21 13:34:13",334.92839003388355,260.0967639917921
"19/05/21 13:34:14",334.66120741837057,260.08212466850097
"19/05/21 13:34:14",334.420474966227,260.0689345880504
"19/05/21 13:34:14",334.1833134074209,260.0559401620286
"19/05/21 13:34:14",333.963126756514,260.0438758158479
"19/05/21 13:34:14",333.72447771792724,260.03079988865
"19/05/21 13:34:14",333.5327659965438,260.0202957251862
"19/05/21 13:34:14",333.5327659965438,260.0202957251862
"19/05/21 13:34:14",333.19497273959917,260.00178754236714
"19/05/21 13:34:14",333.01667430159324,259.99201831216754
"19/05/21 13:34:14",332.80245261443287,259.980280795008
"19/05/21 13:34:15",332.6190793791826,259.97023350930186
"19/05/21 13:34:15",332.3535173057721,259.95568297786457
"19/05/21 13:34:15",332.3535173057721,259.95568297786457
"19/05/21 13:34:15",332.3535173057721,259.95568297786457
"19/05/21 13:34:15",331.9444636829373,259.9332703361716
"19/05/21 13:34:15",331.9444636829373,259.9332703361716
"19/05/21 13:34:15",331.42730566639256,259.90493449784515
"19/05/21 13:34:15",331.42730566639256,259.90493449784515
"19/05/21 13:34:15",330.98582154777813,259.880744942219
"19/05/21 13:34:15",330.7664752976664,259.8687266428176
"19/05/21 13:34:16",330.56840575254324,259.8578741249634
"19/05/21 13:34:16",330.41491334231085,259.84946405302884
"19/05/21 13:34:16",330.25896665963563,259.84091950794505
"19/05/21 13:34:16",330.25896665963563,259.84091950794505
"19/05/21 13:34:16",330.25896665963563,259.84091950794505
"19/05/21 13:34:16",330.0223515436392,259.8279550223179
"19/05/21 13:34:16",329.5443741754893,259.8017659485836
"19/05/21 13:34:16",329.5443741754893,259.8017659485836
"19/05/21 13:34:16",329.0897509223002,259.776856480704
"19/05/21 13:34:16",329.0897509223002,259.776856480704
"19/05/21 13:34:17",328.6488578465831,259.75269930917597
"19/05/21 13:34:17",328.6488578465831,259.75269930917597
"19/05/21 13:34:17",328.4643096455669,259.7425876453902
"19/05/21 13:34:17",328.1042505696232,259.7228594860317
"19/05/21 13:34:17",327.9227274945825,259.7129135732888
"19/05/21 13:34:17",327.72493399439117,259.7020761803371
"19/05/21 13:34:17",327.4831838529291,259.68883033921173
"19/05/21 13:34:17",327.4831838529291,259.68883033921173
"19/05/21 13:34:17",327.11284031366534,259.66853867918115
"19/05/21 13:34:17",326.91463466140846,259.65767870381956
"19/05/21 13:34:18",326.91463466140846,259.65767870381956
"19/05/21 13:34:18",326.49575065376996,259.6347274410754
"19/05/21 13:34:18",326.2521576319455,259.6213806258603
"19/05/21 13:34:18",325.96974014667836,259.6059065619435
"19/05/21 13:34:18",325.73173356684435,259.59286583599317
"19/05/21 13:34:18",325.4981366369798,259.58006672116477
"19/05/21 13:34:18",325.2877491177623,259.5685392836317
"19/05/21 13:34:18",325.00558530423905,259.553079118758
"19/05/21 13:34:18",325.00558530423905,259.553079118758
"19/05/21 13:34:18",324.8306573943296,259.54349456468475
"19/05/21 13:34:19",324.39787951559526,259.5197820365778
"19/05/21 13:34:19",324.1332372860511,259.50528190472096
"19/05/21 13:34:19",324.1332372860511,259.50528190472096
"19/05/21 13:34:19",323.9420671317156,259.49480741450174
"19/05/21 13:34:19",323.3928921071283,259.4647173178354
"19/05/21 13:34:19",323.1377151308019,259.45073580094015
"19/05/21 13:34:19",323.1377151308019,259.45073580094015
"19/05/21 13:34:19",322.6567242780732,259.424381614012
"19/05/21 13:34:19",322.45010463612226,259.41306062394307
"19/05/21 13:34:19",322.45010463612226,259.41306062394307
"19/05/21 13:34:20",321.98755939521965,259.38771709885873
"19/05/21 13:34:20",321.69472558515685,259.3716723093882
"19/05/21 13:34:20",321.4384625436893,259.3576312854076
"19/05/21 13:34:20",321.142194671373,259.34139833868204
"19/05/21 13:34:20",321.142194671373,259.34139833868204
"19/05/21 13:34:20",320.7508202293638,259.31995436496595
"19/05/21 13:34:20",320.52089558761685,259.30735646013346
"19/05/21 13:34:20",320.23171398784643,259.29151178056566
"19/05/21 13:34:20",319.97564826713443,259.27748156807564
"19/05/21 13:34:20",319.7690835821113,259.26616358917653
"19/05/21 13:34:21",319.7690835821113,259.26616358917653
"19/05/21 13:34:21",319.5794124818478,259.25577123430566
"19/05/21 13:34:21",319.41947323909284,259.2470079310603
"19/05/21 13:34:21",319.21553451447534,259.2358338323431
"19/05/21 13:34:21",319.05827611962417,259.2272174166453
"19/05/21 13:34:21",319.05827611962417,259.2272174166453
"19/05/21 13:34:21",318.5679593039254,259.20035224667043
"19/05/21 13:34:21",318.3091093204421,259.1861694803821
"19/05/21 13:34:21",318.05460775627864,259.17222497029957
"19/05/21 13:34:21",317.8812752048704,259.1617676911402
"19/05/21 13:34:22",318.1795100771198,259.1731842013255
"19/05/21 13:34:22",318.1795100771198,259.1731842013255
"19/05/21 13:34:22",318.52976569403165,259.18659207944444
"19/05/21 13:34:22",318.7288776915998,259.19421413963846
"19/05/21 13:34:22",318.8815719833579,259.20005931771556
"19/05/21 13:34:22",319.1554245881615,259.21054246822183
"19/05/21 13:34:22",319.1554245881615,259.21054246822183
"19/05/21 13:34:22",319.5930710888293,259.2272956926008
"19/05/21 13:34:22",319.83816508143013,259.23667795578746
"19/05/21 13:34:22",320.1053174357019,259.2469046189223
"19/05/21 13:34:23",320.3159982323272,259.25496953581944
"19/05/21 13:34:23",320.3159982323272,259.25496953581944
"19/05/21 13:34:23",320.85286252412453,259.2755208436165
"19/05/21 13:34:23",321.0810588665938,259.28425626026444
"19/05/21 13:34:23",321.0810588665938,259.28425626026444
"19/05/21 13:34:23",321.0810588665938,259.28425626026444
"19/05/21 13:34:23",321.0810588665938,259.28425626026444
"19/05/21 13:34:23",321.4654592222579,259.298971208059
"19/05/21 13:34:23",321.75249843072055,259.3099591452586
"19/05/21 13:34:23",321.9309807053367,259.3167914941743
"19/05/21 13:34:24",321.9309807053367,259.3167914941743
"19/05/21 13:34:24",322.0926499676692,259.32298023651066
"19/05/21 13:34:24",322.3601566962141,259.3332204651869
"19/05/21 13:34:24",322.530940492325,259.3397581142991
"19/05/21 13:34:24",323.0575024742854,259.3599150469371
"19/05/21 13:34:24",323.21996161296795,259.3661340259501
"19/05/21 13:34:24",323.37873138626287,259.37221177507536
"19/05/21 13:34:24",323.5674512741459,259.37943602254825
"19/05/21 13:34:24",323.5674512741459,259.37943602254825
"19/05/21 13:34:24",324.0496988139467,259.39789658656093
"19/05/21 13:34:25",324.0496988139467,259.39789658656093
"19/05/21 13:34:25",324.3247075263588,259.40842399317376
"19/05/21 13:34:25",324.8196571760521,259.42737079732956
"19/05/21 13:34:25",325.03272329336926,259.43552702493685
"19/05/21 13:34:25",325.3309510946419,259.4469432644433
"19/05/21 13:34:25",325.5596130028338,259.45569650307084
"19/05/21 13:34:25",325.82005798080723,259.46566640605806
"19/05/21 13:34:25",326.007400511455,259.4728379279299
"19/05/21 13:34:25",326.2496665471514,259.48211193617453
"19/05/21 13:34:25",326.45162005671995,259.48984277020327
"19/05/21 13:34:26",326.71440629174066,259.4999022971326
"19/05/21 13:34:26",326.71440629174066,259.4999022971326
"19/05/21 13:34:26",327.1212998889677,259.5154782921933
"19/05/21 13:34:26",327.386830461021,259.52564287307376
"19/05/21 13:34:26",327.67919455003636,259.5368346481163
"19/05/21 13:34:26",327.67919455003636,259.5368346481163
"19/05/21 13:34:26",328.1324794852431,259.5541865159264
"19/05/21 13:34:26",328.1324794852431,259.5541865159264
"19/05/21 13:34:26",328.3021582688189,259.560681864865
"19/05/21 13:34:26",328.47773202341165,259.5674028748611
"19/05/21 13:34:27",328.98639198645617,259.5868745134564
"19/05/21 13:34:27",329.1965506401357,259.59491944258275
"19/05/21 13:34:27",329.37875030293696,259.60189409410634
"19/05/21 13:34:27",329.37875030293696,259.60189409410634
"19/05/21 13:34:27",329.5396987490897,259.6080552434077
"19/05/21 13:34:27",329.71009636388516,259.62291773439586
"19/05/21 13:34:27",329.92795339339153,259.62291773439586
"19/05/21 13:34:27",330.4697932289021,259.64365950732883
"19/05/21 13:34:27",330.4697932289021,259.64365950732883
"19/05/21 13:34:27",330.9918567206988,259.6636442365676
"19/05/21 13:34:28",331.1478763731548,259.66961671033613
"19/05/21 13:34:28",331.1478763731548,259.66961671033613
"19/05/21 13:34:28",331.6341329964689,259.6882307431313
"19/05/21 13:34:28",331.85032038755406,259.6965064539281
"19/05/21 13:34:28",331.85032038755406,259.6965064539281
"19/05/21 13:34:28",332.117616623335,259.7067386248854
"19/05/21 13:34:28",332.500016698586,259.72137700141406
"19/05/21 13:34:28",332.77988312834924,259.73209036273835
"19/05/21 13:34:28",332.95769813150184,259.7388971683251
"19/05/21 13:34:28",333.1881227067439,259.7477178823159
"19/05/21 13:34:29",333.1881227067439,259.7477178823159
"19/05/21 13:34:29",333.584679448401,259.7628981797976
"19/05/21 13:34:29",333.839207434238,259.77264157875305
"19/05/21 13:34:29",334.0608713659603,259.7811269329812
"19/05/21 13:34:29",334.24633670444126,259.7882265954379
"19/05/21 13:34:29",334.5303309468446,259.79909797052727
"19/05/21 13:34:29",334.77566347073065,259.8084893647549
"19/05/21 13:34:29",334.77566347073065,259.8084893647549
"19/05/21 13:34:29",335.25011214184286,259.82665138600106
"19/05/21 13:34:29",335.5448780273723,259.8379351024526
"19/05/21 13:34:30",335.787366472256,259.84721762458
"19/05/21 13:34:30",335.787366472256,259.84721762458
"19/05/21 13:34:30",336.0221449275144,259.85620500625515
"19/05/21 13:34:30",336.36501912081394,259.8693303215161
"19/05/21 13:34:30",336.36501912081394,259.8693303215161
"19/05/21 13:34:30",336.56066942034596,259.87681986698914
"19/05/21 13:34:30",337.0361727746949,259.89502226178996
"19/05/21 13:34:30",337.20004956744674,259.90129550897757
"19/05/21 13:34:30",337.3623736360781,259.9075093174731
"19/05/21 13:34:30",337.64656896002174,259.9183883900173
"19/05/21 13:34:31",337.87591297187976,259.9271677397545
"19/05/21 13:34:31",338.1682241122736,259.93835748790974
"19/05/21 13:34:31",338.4456433772754,259.9489771711165
"19/05/21 13:34:31",338.66914346127857,259.95753281374203
"19/05/21 13:34:31",338.89335382640655,259.9661156461178
"19/05/21 13:34:31",339.0719740917838,259.97295327735657
"19/05/21 13:34:31",339.28269313127544,259.9810196582008
"19/05/21 13:34:31",339.4439760962793,259.98719361297276
"19/05/21 13:34:31",339.6683096289486,259.99578116023474
"19/05/21 13:34:31",339.93949309197933,260.00616213528446
"19/05/21 13:34:32",340.09667080823874,260.0121789400432
"19/05/21 13:34:32",340.316270691887,260.02058528196244
"19/05/21 13:34:32",340.5629002342615,260.0300263264026
"19/05/21 13:34:32",340.86198588150427,260.04147540448076
"19/05/21 13:34:32",341.06795248842855,260.049359860943
"19/05/21 13:34:32",341.2503316075653,260.05634138210286
"19/05/21 13:34:32",341.5396478670024,260.06741648541896
"19/05/21 13:34:32",341.7667590242759,260.0761103608892
"19/05/21 13:34:32",341.93839405693404,260.08268059556264
"19/05/21 13:34:33",342.1702927862703,260.091557740564
"19/05/21 13:34:33",342.3466634008509,260.09830925457226
"19/05/21 13:34:33",342.6227477300409,260.10887783608126
"19/05/21 13:34:33",342.89823261057,260.11942347053616
"19/05/21 13:34:33",342.89823261057,260.11942347053616
"19/05/21 13:34:33",343.4034520029775,260.1387634031729
"19/05/21 13:34:33",343.6178942942955,260.14697231108676
"19/05/21 13:34:33",343.6178942942955,260.153255040729
"19/05/21 13:34:33",343.7820187983533,260.153255040729
"19/05/21 13:34:33",344.0493282053413,260.1634877158836
"19/05/21 13:34:34",344.50521493849806,260.18093918121076
"19/05/21 13:34:34",344.7058326047135,260.18861887880087
"19/05/21 13:34:34",344.95613592813316,260.198200556556
"19/05/21 13:34:34",345.22762796562114,260.208593343918
"19/05/21 13:34:34",345.50778239743306,260.21931773003723
"19/05/21 13:34:34",345.7093570560243,260.2270340615499
"19/05/21 13:34:34",345.920811592076,260.23512859739793
"19/05/21 13:34:34",345.920811592076,260.23512859739793
"19/05/21 13:34:34",346.1326372879777,260.2432373413437
"19/05/21 13:34:34",346.28540900639854,260.249085483334
"19/05/21 13:34:35",346.4392114335094,260.25497308112693
"19/05/21 13:34:35",346.73651445173397,260.26635391969245
"19/05/21 13:34:35",346.89201162311815,260.27230639274666
"19/05/21 13:34:35",347.1761334904572,260.2831826533525
"19/05/21 13:34:35",347.1761334904572,260.28932940961516
"19/05/21 13:34:35",347.5395242421022,260.29709334792057
"19/05/21 13:34:35",347.5395242421022,260.29709334792057
"19/05/21 13:34:35",347.9655668062763,260.31340237052603
"19/05/21 13:34:35",348.2126331031646,260.3228601340451
"19/05/21 13:34:35",348.4373875983524,260.3314637958642
"19/05/21 13:34:36",348.6982762625963,260.3414506832798
"19/05/21 13:34:36",348.92526511012045,260.35013987670027
"19/05/21 13:34:36",348.92526511012045,260.35013987670027
"19/05/21 13:34:36",349.16502551112296,260.3593179685828
"19/05/21 13:34:36",349.64383759393763,260.3776470223888
"19/05/21 13:34:36",349.64383759393763,260.3776470223888
"19/05/21 13:34:36",349.9211801168486,260.3882637678879
"19/05/21 13:34:36",350.4756873104631,260.40949045065634
"19/05/21 13:34:36",350.4756873104631,260.4166662092428
"19/05/21 13:34:36",350.88680780303366,260.42522825239433
"19/05/21 13:34:37",351.1077176567596,260.4336847403163
"19/05/21 13:34:37",351.3121338396065,260.44150984613276
"19/05/21 13:34:37",351.3121338396065,260.44150984613276
"19/05/21 13:34:37",351.7629693731688,260.4587679501968
"19/05/21 13:34:37",351.92112558334674,260.4648222119628
"19/05/21 13:34:37",352.2185029642157,260.4762058971501
"19/05/21 13:34:37",352.48287451123883,260.48632611024436
"19/05/21 13:34:37",352.72347091521505,260.49553620454293
"19/05/21 13:34:37",352.92256303205164,260.5031575036973
"19/05/21 13:34:37",352.92256303205164,260.5031575036973
"19/05/21 13:34:38",353.22095000727114,260.51457983642473
"19/05/21 13:34:38",353.50275406487265,260.5466698126341
"19/05/21 13:34:38",353.96696511022543,260.5598135040406
"19/05/21 13:34:38",353.96696511022543,260.5598135040406
"19/05/21 13:34:38",354.1599850581115,260.57151702067364
"19/05/21 13:34:38",354.33980074993264,260.5824199141992
"19/05/21 13:34:38",354.49383873523976,260.5917598095981
"19/05/21 13:34:38",354.7615998315794,260.6079951597731
"19/05/21 13:34:38",354.7615998315794,260.6079951597731
"19/05/21 13:34:38",355.29439634359625,260.6403005919769
"19/05/21 13:34:39",355.29439634359625,260.6403005919769
"19/05/21 13:34:39",355.75542394682697,260.6682544085735
"19/05/21 13:34:39",355.9325071575812,260.67899162161905
"19/05/21 13:34:39",356.12881228492023,260.69089433088885
"19/05/21 13:34:39",356.12881228492023,260.69089433088885
"19/05/21 13:34:39",356.56943771510896,260.71761108792674
"19/05/21 13:34:39",356.56943771510896,260.71761108792674
"19/05/21 13:34:39",357.0874831207778,260.7490221057428
"19/05/21 13:34:39",357.31921069316786,260.7630726094731
"19/05/21 13:34:39",357.60224661398155,260.7802341290117
"19/05/21 13:34:40",357.60224661398155,260.7802341290117
"19/05/21 13:34:40",358.01195745581623,260.80507641969024
"19/05/21 13:34:40",358.30030699609625,260.82256012372056
"19/05/21 13:34:40",358.52343001593715,260.83608890145837
"19/05/21 13:34:40",358.6832509948099,260.8457794412447
"19/05/21 13:34:40",358.96934905700516,260.8631266297931
"19/05/21 13:34:40",359.15701435531645,260.87450547412647
"19/05/21 13:34:40",359.3797762064152,260.8880123528615
"19/05/21 13:34:40",359.62813424210117,260.90307122337424
"19/05/21 13:34:40",359.84896755776435,260.91646116784005
"19/05/21 13:34:41",360.11410885338614,260.9325376697633
"19/05/21 13:34:41",360.32991597297354,260.9456228572855
"19/05/21 13:34:41",360.6137022430999,260.96282987329096
"19/05/21 13:34:41",360.6137022430999,260.96282987329096
"19/05/21 13:34:41",360.89272724259735,260.979748195767
"19/05/21 13:34:41",361.1819800868345,260.9972866704726
"19/05/21 13:34:41",361.1819800868345,260.9972866704726
"19/05/21 13:34:41",361.6911521262872,261.0281596631247
"19/05/21 13:34:41",361.98460378661156,261.04595272765096
"19/05/21 13:34:41",361.98460378661156,261.04595272765096
"19/05/21 13:34:42",362.2587467359714,261.0625750332872
"19/05/21 13:34:42",362.43407962417814,261.0732061177731
"19/05/21 13:34:42",362.7031126765735,261.0895185913699
"19/05/21 13:34:42",362.9082856731612,261.10195899250203
"19/05/21 13:34:42",363.0695703076544,261.111738279167
"19/05/21 13:34:42",363.0695703076544,261.111738279167
"19/05/21 13:34:42",363.60102353153553,261.14396226281997
"19/05/21 13:34:42",363.7910659898199,261.1554852431952
"19/05/21 13:34:42",363.7910659898199,261.1554852431952
"19/05/21 13:34:42",364.25671046781775,261.18371899806357
"19/05/21 13:34:43",364.53186279329935,261.20040250592456
"19/05/21 13:34:43",364.53186279329935,261.20040250592456
"19/05/21 13:34:43",365.0624755770025,261.2325755305667
"19/05/21 13:34:43",365.33877066542834,261.24932832839113
"19/05/21 13:34:43",365.59014602987287,261.26457015075783
"19/05/21 13:34:43",365.59014602987287,261.26457015075783
"19/05/21 13:34:43",366.0766296661319,261.2940674612224
"19/05/21 13:34:43",366.0766296661319,261.2940674612224
"19/05/21 13:34:43",366.37005853008077,261.32215639423197
"19/05/21 13:34:43",366.717159149036,261.33290514374806
"19/05/21 13:34:44",366.9174828408111,261.3450515135112
"19/05/21 13:34:44",367.20415619115636,261.36243358391766
"19/05/21 13:34:44",367.43894753327345,261.3766698553904
"19/05/21 13:34:44",367.69863365152344,261.39241558964005
"19/05/21 13:34:44",367.97665334863666,261.4092729568972
"19/05/21 13:34:44",368.1654186047796,261.4207184957609
"19/05/21 13:34:44",368.3230424145996,261.4302758130237
"19/05/21 13:34:44",368.50086002227073,261.44105755528307
"19/05/21 13:34:44",368.50086002227073,261.44105755528307
"19/05/21 13:34:44",368.7259883101587,261.45470791987344
"19/05/21 13:34:45",368.7259883101587,261.45470791987344
"19/05/21 13:34:45",368.9684390407099,261.46940860852646
"19/05/21 13:34:45",369.15960216070255,261.480999538785
"19/05/21 13:34:45",369.65455995745987,261.5110106690875
"19/05/21 13:34:45",369.9153658008154,261.52682429643085
"19/05/21 13:34:45",369.9153658008154,261.52682429643085
"19/05/21 13:34:45",370.25816932058507,261.547609747569
"19/05/21 13:34:45",370.50248687401375,261.5624236286296
"19/05/21 13:34:45",370.75273683380715,261.5775972135307
"19/05/21 13:34:45",371.0135467172542,261.59341108583976
"19/05/21 13:34:46",371.0135467172542,261.59341108583976
"19/05/21 13:34:46",371.27732904720096,261.6094051886247
"19/05/21 13:34:46",371.52840756492867,261.624629012072
"19/05/21 13:34:46",372.0371101258875,261.6554735384986
"19/05/21 13:34:46",372.33164690892784,261.6733323980471
"19/05/21 13:34:46",372.33164690892784,261.6733323980471
"19/05/21 13:34:46",372.85313226010834,261.7049519925411
"19/05/21 13:34:46",373.0733273265988,261.7183032375881
"19/05/21 13:34:46",373.27053309643895,261.7302605561592
"19/05/21 13:34:46",373.27053309643895,261.7302605561592
"19/05/21 13:34:47",373.7989322417869,261.76229935968274
"19/05/21 13:34:47",373.99223387373036,261.7740199558668
"19/05/21 13:34:47",374.2196473446258,261.7878088795938
"19/05/21 13:34:47",374.2196473446258,261.7878088795938
"19/05/21 13:34:47",374.6177565703436,261.81194772117976
"19/05/21 13:34:47",374.6177565703436,261.81194772117976
"19/05/21 13:34:47",375.12056914174633,261.84243511565455
"19/05/21 13:34:47",375.3225873435777,261.85468422985855
"19/05/21 13:34:47",375.3225873435777,261.85468422985855
"19/05/21 13:34:47",375.8103543274475,261.88425935445724
"19/05/21 13:34:48",376.10692978839614,261.9022418266223
"19/05/21 13:34:48",376.10692978839614,261.9022418266223
"19/05/21 13:34:48",376.57134936710696,261.9304013112956
"19/05/21 13:34:48",376.57134936710696,261.9304013112956
"19/05/21 13:34:48",377.0432389626265,261.95901373084394
"19/05/21 13:34:48",377.0432389626265,261.95901373084394
"19/05/21 13:34:48",377.46602001834265,261.9846485171543
"19/05/21 13:34:48",377.75970958775326,262.0024560069925
"19/05/21 13:34:48",378.0178009445933,262.0181050449323
"19/05/21 13:34:48",378.23449759099225,262.03124416777024
"19/05/21 13:34:49",378.50078324114423,262.0473900561606
"19/05/21 13:34:49",378.50078324114423,262.0473900561606
"19/05/21 13:34:49",378.2618460218699,262.03703326294414
"19/05/21 13:34:49",377.9695667395767,262.0232928662084
"19/05/21 13:34:49",377.75535670887604,262.0132225978558
"19/05/21 13:34:49",377.60388381604383,262.00610167698215
"19/05/21 13:34:49",377.3094628535355,261.99226059731194
"19/05/21 13:34:49",377.0817809565747,261.98155700050125
"19/05/21 13:34:49",377.0817809565747,261.96802515673
"19/05/21 13:34:49",376.5478481094838,261.9564561822301
"19/05/21 13:34:50",376.5478481094838,261.9564561822301
"19/05/21 13:34:50",376.34899430025337,261.93671298510736
"19/05/21 13:34:50",375.95100534545514,261.9283978939305
"19/05/21 13:34:50",375.95100534545514,261.9283978939305
"19/05/21 13:34:50",375.49928780145774,261.90716211485534
"19/05/21 13:34:50",375.49928780145774,261.90716211485534
"19/05/21 13:34:50",375.33705874837113,261.89029612129247
"19/05/21 13:34:50",375.1405222877296,261.89029612129247
"19/05/21 13:34:50",374.75554683216103,261.87219796718614
"19/05/21 13:34:50",374.5018602582047,261.8602718595765
"19/05/21 13:34:51",374.34841809294045,261.8530583608633
"19/05/21 13:34:51",374.1835659202865,261.84530846413014
"19/05/21 13:34:51",374.01391088958366,261.83733277932697
"19/05/21 13:34:51",373.77381527638266,261.82604559894935
"19/05/21 13:34:51",373.49590110136756,261.8129805229945
"19/05/21 13:34:51",373.21133475544747,261.79960272057247
"19/05/21 13:34:51",373.0496792160154,261.7920031013696
"19/05/21 13:34:51",372.8401554887941,261.782153141718
"19/05/21 13:34:51",372.64686429055484,261.77306629256304
"19/05/21 13:34:51",372.64686429055484,261.77306629256304
"19/05/21 13:34:52",372.35769063781567,261.7594718951669
"19/05/21 13:34:52",372.13667589998437,261.74908172943765
"19/05/21 13:34:52",371.8593906019635,261.72364366498493
"19/05/21 13:34:52",371.59556931011196,261.72364366498493
"19/05/21 13:34:52",371.17311890161477,261.70378376876386
"19/05/21 13:34:52",370.8988801430351,261.69089147850764
"19/05/21 13:34:52",370.7462748670574,261.6837173229553
"19/05/21 13:34:52",370.4877255623709,261.6715626125897
"19/05/21 13:34:52",370.2271087076373,261.659310704237
"19/05/21 13:34:53",370.02827946420825,261.64996350498996
"19/05/21 13:34:53",370.02827946420825,261.64996350498996
"19/05/21 13:34:53",369.7358639986404,261.6362167061165
"19/05/21 13:34:53",369.44112133670376,261.6223605029735
"19/05/21 13:34:53",369.44112133670376,261.61046071463676
"19/05/21 13:34:53",369.00757136242817,261.60197880296187
"19/05/21 13:34:53",368.80002182839723,261.5922216524806
"19/05/21 13:34:53",368.58902938643917,261.5823026468022
"19/05/21 13:34:53",368.3744299508899,261.57221407206447
"19/05/21 13:34:53",368.3744299508899,261.57221407206447
"19/05/21 13:34:54",367.95802114250256,261.5526381986512
"19/05/21 13:34:54",367.95802114250256,261.5405214328927
"19/05/21 13:34:54",367.45569809698475,261.52902339475287
"19/05/21 13:34:54",367.2324370139042,261.51852762566136
"19/05/21 13:34:54",367.2324370139042,261.51852762566136
"19/05/21 13:34:54",367.0378572717559,261.50938020052445
"19/05/21 13:34:54",366.5839928595973,261.4880434946233
"19/05/21 13:34:54",366.5839928595973,261.4880434946233
"19/05/21 13:34:54",366.1668282257352,261.46843208895535
"19/05/21 13:34:54",365.9156722627098,261.45662494837586
"19/05/21 13:34:55",365.643382305282,261.44382427358
"19/05/21 13:34:55",365.4709796206024,261.435719418295
"19/05/21 13:34:55",365.3204585831679,261.4286432452758
"19/05/21 13:34:55",365.03636781417265,261.4152878002907
"19/05/21 13:34:55",364.84689718022884,261.4063805604079
"19/05/21 13:34:55",364.6278735750936,261.39608400019523
"19/05/21 13:34:55",364.35192207213635,261.3831111917885
"19/05/21 13:34:55",364.10818811147453,261.3716529683688
"19/05/21 13:34:55",363.93327007232926,261.3634298632782
"19/05/21 13:34:55",363.74185458798013,261.3544311936644
"19/05/21 13:34:56",363.5773559924938,261.3466979190145
"19/05/21 13:34:56",363.38986409891004,261.3378837020698
"19/05/21 13:34:56",363.1875026226602,261.32837044835617
"19/05/21 13:34:56",362.95220300443214,261.3173087334072
"19/05/21 13:34:56",362.7404710341512,261.30735496162265
"19/05/21 13:34:56",362.4538032132081,261.29387836636
"19/05/21 13:34:56",362.2233683166456,261.2830453477632
"19/05/21 13:34:56",362.0448807628936,261.27465443554496
"19/05/21 13:34:56",361.8227801144235,261.26421321986487
"19/05/21 13:34:56",361.6346748599853,261.2553701680968
"19/05/21 13:34:57",361.33969603120664,261.24150286246964
"19/05/21 13:34:57",361.1210482993175,261.2312239725054
"19/05/21 13:34:57",360.84723988109283,261.2183519130612
"19/05/21 13:34:57",360.63946927458096,261.2085843696996
"19/05/21 13:34:57",360.63946927458096,261.2085843696996
"19/05/21 13:34:57",360.1172094354771,261.1840323134194
"19/05/21 13:34:57",359.9000549266392,261.173823621647
"19/05/21 13:34:57",359.66032191052034,261.1625534873895
"19/05/21 13:34:57",359.66032191052034,261.1625534873895
"19/05/21 13:34:57",359.17176825726824,261.1395859990007
"19/05/21 13:34:58",358.9944908381241,261.1312519766498
"19/05/21 13:34:58",358.7017553265706,261.1174901320339
"19/05/21 13:34:58",358.426913737495,261.104569501999
"19/05/21 13:34:58",358.145044107478,261.09131847539936
"19/05/21 13:34:58",357.89911110995496,261.079756872641
"19/05/21 13:34:58",357.89911110995496,261.079756872641
"19/05/21 13:34:58",357.46484233611983,261.059341381007
"19/05/21 13:34:58",357.2433965130916,261.0489309494499
"19/05/21 13:34:58",357.0145853505855,261.03817426452264
"19/05/21 13:34:58",357.0145853505855,261.03817426452264
"19/05/21 13:34:59",356.81984049223973,261.02901907707684
"19/05/21 13:34:59",356.41972075507573,261.0102089722781
"19/05/21 13:34:59",356.14665434720445,260.9973717956233
"19/05/21 13:34:59",356.14665434720445,260.9973717956233
"19/05/21 13:34:59",356.14665434720445,260.9973717956233
"19/05/21 13:34:59",355.9820650461129,260.989634256795
"19/05/21 13:34:59",355.4522915957997,260.9647289767141
"19/05/21 13:34:59",355.4522915957997,260.9647289767141
"19/05/21 13:34:59",354.99898037801483,260.9434182771385
"19/05/21 13:34:59",354.99898037801483,260.9434182771385
"19/05/21 13:35:00",354.56287350119936,260.922916374097
"19/05/21 13:35:00",354.299118917157,260.910516957357
"19/05/21 13:35:00",354.299118917157,260.910516957357
"19/05/21 13:35:00",354.0401636112214,260.89834316038974
"19/05/21 13:35:00",353.69226980001315,260.8819882584946
"19/05/21 13:35:00",353.4609813116988,260.8711151115342
"19/05/21 13:35:00",353.28456163689856,260.86282141276524
"19/05/21 13:35:00",353.00242209012174,260.84955769705766
"19/05/21 13:35:00",352.81884351092725,260.8409274496774
"19/05/21 13:35:00",352.5383729906995,260.82774219689327
"19/05/21 13:35:01",352.5383729906995,260.82774219689327
"19/05/21 13:35:01",352.07047967376434,260.80574597549077
"19/05/21 13:35:01",351.8081239030023,260.793412318627
"19/05/21 13:35:01",351.54271776844905,260.780935260533
"19/05/21 13:35:01",351.2803566253103,260.76860135110746
"19/05/21 13:35:01",351.08973598530343,260.7596400480717
"19/05/21 13:35:01",350.8418767182101,260.7479878890895
"19/05/21 13:35:01",350.57713980058287,260.73554229167917
"19/05/21 13:35:01",350.42056315484376,260.7281814373103
"19/05/21 13:35:01",350.19820350141345,260.717728045499
"19/05/21 13:35:02",350.19820350141345,260.717728045499
"19/05/21 13:35:02",349.9101456624094,260.7041861038338
"19/05/21 13:35:02",349.5218730341908,260.6859329457191
"19/05/21 13:35:02",349.5218730341908,260.6859329457191
"19/05/21 13:35:02",348.989826038791,260.66092078357923
"19/05/21 13:35:02",348.77780151632504,260.65095325856845
"19/05/21 13:35:02",348.49511685367986,260.6376639163155
"19/05/21 13:35:02",348.2913127474873,260.62808284285217
"19/05/21 13:35:02",348.03999142466233,260.6162679285118
"19/05/21 13:35:02",348.03999142466233,260.6162679285118
"19/05/21 13:35:03",347.56479000192786,260.59392814436245
"19/05/21 13:35:03",347.33618529485574,260.58318116515073
"19/05/21 13:35:03",347.0468826289005,260.56958070268985
"19/05/21 13:35:03",346.77076440993136,260.55660005676503
"19/05/21 13:35:03",346.50306336561613,260.54401511223324
"19/05/21 13:35:03",346.3001684953674,260.5344767830332
"19/05/21 13:35:03",346.3001684953674,260.5344767830332
"19/05/21 13:35:03",345.81608733289,260.51171955175585
"19/05/21 13:35:03",345.81608733289,260.51171955175585
"19/05/21 13:35:03",345.2743685551121,260.4862527076215
"19/05/21 13:35:04",344.98041646772987,260.47243367032866
"19/05/21 13:35:04",344.98041646772987,260.47243367032866
"19/05/21 13:35:04",344.6258435097642,260.45576477379933
"19/05/21 13:35:04",344.6258435097642,260.45576477379933
"19/05/21 13:35:04",344.4389357971922,260.4469780198989
"19/05/21 13:35:04",344.1853756828388,260.43505785730565
"19/05/21 13:35:04",343.70149595047,260.41231009549733
"19/05/21 13:35:04",343.70149595047,260.41231009549733
"19/05/21 13:35:04",343.240375294385,260.39063226493766
"19/05/21 13:35:04",343.06275794168573,260.382282261906
"19/05/21 13:35:05",343.06275794168573,260.382282261906
"19/05/21 13:35:05",342.57652399670246,260.35942382576224
"19/05/21 13:35:05",342.2969820122995,260.3462822245517
"19/05/21 13:35:05",342.10298938299087,260.33716240028775
"19/05/21 13:35:05",342.10298938299087,260.33716240028775
"19/05/21 13:35:05",341.8787678380117,260.3266214787399
"19/05/21 13:35:05",341.39788354310457,260.3040145360098
"19/05/21 13:35:05",341.23697204336355,260.2964498949978
"19/05/21 13:35:05",341.23697204336355,260.2964498949978
"19/05/21 13:35:05",341.23697204336355,260.2964498949978
"19/05/21 13:35:06",340.6843978832259,260.2704727264259
"19/05/21 13:35:06",340.3930794912233,260.25677750228573
"19/05/21 13:35:06",340.3930794912233,260.25677750228573
"19/05/21 13:35:06",339.9841926059591,260.237555243426
"19/05/21 13:35:06",339.77111298186117,260.2275381168325
"19/05/21 13:35:06",339.58031722705334,260.2185685814416
"19/05/21 13:35:06",339.3598038160114,260.2082019836811
"19/05/21 13:35:06",339.1809227763698,260.1997925732231
"19/05/21 13:35:06",339.1809227763698,260.1997925732231
"19/05/21 13:35:06",338.9214615933348,260.1875949943716
"19/05/21 13:35:07",338.4001970925821,260.16308973013116
"19/05/21 13:35:07",338.11387957168847,260.1496296028905
"19/05/21 13:35:07",338.11387957168847,260.1496296028905
"19/05/21 13:35:07",337.8432234052776,260.13690573455375
"19/05/21 13:35:07",337.62098800240216,260.12645818390877
"19/05/21 13:35:07",337.2168302291705,260.10745824623115
"19/05/21 13:35:07",337.2168302291705,260.10745824623115
"19/05/21 13:35:07",336.94313608953047,260.09459155915914
"19/05/21 13:35:07",336.5090909280978,260.0741865798102
"19/05/21 13:35:07",336.3381586251727,260.06615084892053
"19/05/21 13:35:08",336.3381586251727,260.06615084892053
"19/05/21 13:35:08",335.9971332821652,260.0501188418857
"19/05/21 13:35:08",335.9971332821652,260.0501188418857
"19/05/21 13:35:08",335.8215924744841,260.0418664597055
"19/05/21 13:35:08",335.44445877266963,260.02413695577116
"19/05/21 13:35:08",335.2628535985053,260.0155994805088
"19/05/21 13:35:08",335.0766441195695,260.0068455514022
"19/05/21 13:35:08",335.0766441195695,260.0068455514022
"19/05/21 13:35:08",334.48345832613626,259.97895918164033
"19/05/21 13:35:08",334.3238140736262,259.9714541154281
"19/05/21 13:35:09",334.06615374063114,259.9593411966792
"19/05/21 13:35:09",333.7707718636336,259.94545494327576
"19/05/21 13:35:09",333.51328197783477,259.93335003745227
"19/05/21 13:35:09",333.3454438015258,259.9254597651354
"19/05/21 13:35:09",333.1673306752125,259.9170864551964
"19/05/21 13:35:09",333.1673306752125,259.9170864551964
"19/05/21 13:35:09",332.6654768131408,259.8934937081699
"19/05/21 13:35:09",332.4668169779138,259.88415447300395
"19/05/21 13:35:09",332.4668169779138,259.88415447300395
"19/05/21 13:35:09",332.02082943501443,259.86318806809646
"19/05/21 13:35:10",331.83555076453604,259.85447789740266
"19/05/21 13:35:10",331.5888767129366,259.84288145681063
"19/05/21 13:35:10",331.3105132334789,259.8297952585195
"19/05/21 13:35:10",331.3105132334789,259.8297952585195
"19/05/21 13:35:10",330.94722509751955,259.81271665110575
"19/05/21 13:35:10",330.7512187148744,259.803502157902
"19/05/21 13:35:10",330.48255177476165,259.7908718054598
"19/05/21 13:35:10",330.31768972867224,259.7831214445647
"19/05/21 13:35:10",330.08889623281135,259.77236559016745
"19/05/21 13:35:10",329.83375486424796,259.76037109093284
"19/05/21 13:35:11",329.65512513578915,259.7519734949125
"19/05/21 13:35:11",329.38357164190506,259.7392074421438
"19/05/21 13:35:11",329.18397213705146,259.729824031991
"19/05/21 13:35:11",329.0329861340584,259.7227260003878
"19/05/21 13:35:11",328.8510169389583,259.71417141206825
"19/05/21 13:35:11",328.8510169389583,259.71417141206825
"19/05/21 13:35:11",328.6691482781579,259.7056215499857
"19/05/21 13:35:11",328.39301642124195,259.69264026292484
"19/05/21 13:35:11",328.11493700239066,259.67956741866067
"19/05/21 13:35:11",327.9506008558286,259.67184178092793
"19/05/21 13:35:12",327.7405544500776,259.661967249537
"19/05/21 13:35:12",327.7405544500776,259.661967249537
"19/05/21 13:35:12",327.3122782464447,259.6418334757566
"19/05/21 13:35:12",327.1254361583178,259.63304980693937
"19/05/21 13:35:12",326.89078785089197,259.6220187108859
"19/05/21 13:35:12",326.625359614458,259.60954061375617
"19/05/21 13:35:12",326.3391395628971,259.5960850686648
"19/05/21 13:35:12",326.0480106010575,259.58239874986197
"19/05/21 13:35:12",325.8136968790836,259.5713833830686
"19/05/21 13:35:13",325.8136968790836,259.5713833830686
"19/05/21 13:35:13",325.54266194953925,259.5586417086264
"19/05/21 13:35:13",325.33178216662543,259.54872799918365
"19/05/21 13:35:13",324.8561353129984,259.5263672747982
"19/05/21 13:35:13",324.6477148454647,259.51656918069693
"19/05/21 13:35:13",324.4099896342233,259.5053934357351
"19/05/21 13:35:13",324.16965562736027,259.49409504818783
"19/05/21 13:35:13",324.16965562736027,259.49409504818783
"19/05/21 13:35:13",323.77987944532293,259.4757712062196
"19/05/21 13:35:13",323.5960829854382,259.4671307160089
"19/05/21 13:35:14",323.3724896105522,259.4566193254844
"19/05/21 13:35:14",323.3724896105522,259.4566193254844
"19/05/21 13:35:14",323.1850951938367,259.44780969104323
"19/05/21 13:35:14",322.654705922639,259.42287546049
"19/05/21 13:35:14",322.654705922639,259.42287546049
"19/05/21 13:35:14",322.49426467987485,259.4153329268179
"19/05/21 13:35:14",322.22043769548264,259.40245999455607
"19/05/21 13:35:14",321.6657278005396,259.3763824225504
"19/05/21 13:35:14",321.43596059303627,259.3655807928106
"19/05/21 13:35:14",321.2075349935553,259.3548422336598
"19/05/21 13:35:15",321.0093653444949,259.3455260427286
"19/05/21 13:35:15",320.72418889405384,259.33211955856723
"19/05/21 13:35:15",320.43941216810504,259.31873186592975
"19/05/21 13:35:15",320.1493508052349,259.30509573622436
"19/05/21 13:35:15",319.86200338957036,259.2915871924055
"19/05/21 13:35:15",319.6873290384881,259.2833755433806
"19/05/21 13:35:15",319.4112500641019,259.27039674239035
"19/05/21 13:35:15",319.4112500641019,259.27039674239035
"19/05/21 13:35:15",319.2444248949536,259.26255409274506
"19/05/21 13:35:15",318.86767016244636,259.2448424046087
"19/05/21 13:35:16",318.68709146229395,259.2363531851106
"19/05/21 13:35:16",318.68709146229395,259.2363531851106
"19/05/21 13:35:16",318.29586576858077,259.2179611998742
"19/05/21 13:35:16",318.29586576858077,259.2179611998742
"19/05/21 13:35:16",318.08184184272125,259.20789968053157
"19/05/21 13:35:16",318.08184184272125,259.20789968053157
"19/05/21 13:35:16",317.78371057132193,259.19388417482685
"19/05/21 13:35:16",317.35578844865285,259.17376704681374
"19/05/21 13:35:16",317.16111726251944,259.1646153227863
"19/05/21 13:35:16",317.16111726251944,259.1646153227863
"19/05/21 13:35:17",317.0414609445146,259.24941787289674
"19/05/21 13:35:17",316.98926874331875,259.64925457994474
"19/05/21 13:35:17",316.9556627505474,259.90670510279875
"19/05/21 13:35:17",316.9556627505474,259.90670510279875
"19/05/21 13:35:17",316.90686953877275,260.2805026563656
"19/05/21 13:35:17",316.8833192059355,260.46091826091555
"19/05/21 13:35:17",316.85401977042807,260.68537688774546
"19/05/21 13:35:17",316.85401977042807,260.68537688774546
"19/05/21 13:35:17",316.7854174279096,261.2109292518899
"19/05/21 13:35:17",316.7535326260882,261.45519398633377
"19/05/21 13:35:18",316.7535326260882,261.6332581101932
"19/05/21 13:35:18",316.70588381921107,261.82022442383237
"19/05/21 13:35:18",316.66954141055885,262.0986382226138
"19/05/21 13:35:18",316.66954141055885,262.0986382226138
"19/05/21 13:35:18",316.63767265384894,262.34278003784004
"19/05/21 13:35:18",316.61417576494847,262.5227862163222
"19/05/21 13:35:18",316.59445402502536,262.67387153879247
"19/05/21 13:35:18",316.55754198788946,262.95664917684405
"19/05/21 13:35:18",316.55754198788946,262.95664917684405
